,Open,High,Low,Close
2024-10-22,3.7639,3.7639,3.7639,3.7639
2024-10-21,3.7512,3.7639,3.7511,3.7639
2024-10-18,3.7654,3.7655,3.7512,3.7512
2024-10-17,3.7712,3.7712,3.765,3.765
2024-10-16,3.7687,3.7712,3.768,3.7712
2024-10-15,3.7587,3.7687,3.7586,3.7687
2024-10-14,3.7536,3.7587,3.7536,3.7587
2024-10-11,3.7666,3.7666,3.7536,3.7536
2024-10-10,3.7558,3.7666,3.755,3.7666
2024-10-09,3.74,3.7558,3.739,3.7558
2024-10-08,3.7399,3.74,3.7399,3.74
2024-10-07,3.7318,3.7399,3.7317,3.7399
2024-10-04,3.7289,3.7318,3.728,3.7318
2024-10-03,3.7194,3.7289,3.719,3.7289
2024-10-02,3.7158,3.7194,3.715,3.7194
2024-10-01,3.7056,3.7158,3.705,3.7158
2024-09-30,3.7159,3.716,3.7056,3.7056
2024-09-27,3.728,3.728,3.7159,3.7159
2024-09-26,3.7666,3.7666,3.728,3.728
2024-09-25,3.7641,3.7666,3.7641,3.7666
2024-09-24,3.768,3.7681,3.7641,3.7641
2024-09-23,3.7498,3.768,3.7497,3.768
2024-09-20,3.7458,3.7498,3.7457,3.7498
2024-09-19,3.7571,3.7572,3.744,3.7458
2024-09-18,3.7725,3.7726,3.739,3.7571
2024-09-17,3.7861,3.7861,3.7725,3.7725
2024-09-16,3.7657,3.7861,3.7657,3.7861
2024-09-13,3.7669,3.7669,3.7657,3.7657
2024-09-12,3.7855,3.7856,3.759,3.7669
2024-09-11,3.8186,3.8186,3.7855,3.7855
2024-09-10,3.8132,3.8186,3.813,3.8186
2024-09-09,3.7967,3.8132,3.7965,3.8132
2024-09-06,3.7931,3.7967,3.7931,3.7967
2024-09-05,3.7963,3.7963,3.7931,3.7931
2024-09-04,3.7822,3.7963,3.781,3.7963
2024-09-03,3.7653,3.784,3.7652,3.7822
2024-09-02,3.7587,3.7653,3.7464,3.7653
2024-08-30,3.7463,3.7464,3.7463,3.7464
2024-08-29,3.7392,3.747,3.7391,3.7463
2024-08-28,3.7431,3.7432,3.7392,3.7392
2024-08-27,3.7545,3.7545,3.74,3.7431
2024-08-26,3.7407,3.7545,3.729,3.7545
2024-08-23,3.7589,3.7589,3.7365,3.7407
2024-08-22,3.7397,3.7589,3.7397,3.7589
2024-08-21,3.7451,3.7452,3.7339,3.7397
2024-08-20,3.7333,3.7451,3.733,3.7451
2024-08-19,3.7435,3.7436,3.73,3.7333
2024-08-16,3.7345,3.7435,3.7344,3.7435
2024-08-15,3.7362,3.7363,3.7345,3.7345
2024-08-14,3.7486,3.7486,3.7225,3.7225
2024-08-13,3.7447,3.7486,3.7445,3.7486
2024-08-12,3.7289,3.7447,3.7288,3.7447
2024-08-09,3.7265,3.73,3.7265,3.7289
2024-08-08,3.7346,3.7346,3.722,3.7265
2024-08-07,3.7524,3.7525,3.7346,3.7346
2024-08-06,3.7523,3.7524,3.716,3.7524
2024-08-05,3.7438,3.7523,3.7438,3.7523
2024-08-02,3.7402,3.7438,3.736,3.7438
2024-08-01,3.7131,3.7402,3.7131,3.7402
2024-07-31,3.7323,3.7323,3.7131,3.7131
2024-07-30,3.7594,3.7595,3.732,3.732
2024-07-29,3.7595,3.7595,3.7594,3.7594
2024-07-26,3.7594,3.7595,3.7594,3.7595
2024-07-25,3.7753,3.7753,3.758,3.7594
2024-07-24,3.754,3.7753,3.754,3.7753
2024-07-23,3.7545,3.7545,3.7544,3.7544
2024-07-22,3.7441,3.7545,3.7441,3.7545
2024-07-19,3.7338,3.7441,3.7337,3.744
2024-07-18,3.7189,3.7338,3.7189,3.7338
2024-07-17,3.7158,3.7189,3.7158,3.7189
2024-07-16,3.7233,3.7233,3.7158,3.7158
2024-07-15,3.7311,3.7312,3.7233,3.7233
2024-07-12,3.765,3.765,3.7311,3.7311
2024-07-11,3.7793,3.7794,3.7649,3.7649
2024-07-10,3.7829,3.7829,3.7793,3.7793
2024-07-09,3.7888,3.7889,3.7829,3.7829
2024-07-08,3.7946,3.7946,3.7888,3.7888
2024-07-05,3.7949,3.795,3.7946,3.7946
2024-07-04,3.7964,3.7964,3.7949,3.7949
2024-07-03,3.8267,3.8267,3.796,3.7964
2024-07-02,3.8471,3.8472,3.8267,3.8267
2024-07-01,3.8345,3.8471,3.8344,3.8471
2024-06-28,3.8223,3.8345,3.8223,3.8345
2024-06-27,3.8202,3.8223,3.8201,3.8223
2024-06-26,3.8148,3.8202,3.8148,3.8202
2024-06-25,3.8002,3.8148,3.795,3.8148
2024-06-24,3.8004,3.8004,3.8002,3.8002
2024-06-21,3.8102,3.8102,3.8,3.8
2024-06-20,3.8165,3.8166,3.8102,3.8102
2024-06-19,3.787,3.8165,3.7869,3.8165
2024-06-18,3.79,3.7905,3.787,3.787
2024-06-17,3.7719,3.79,3.7718,3.79
2024-06-14,3.7755,3.7756,3.771,3.7719
2024-06-13,3.7683,3.7755,3.7682,3.7755
2024-06-12,3.7842,3.7843,3.768,3.7683
2024-06-11,3.7795,3.7842,3.7794,3.784
2024-06-10,3.7529,3.7795,3.7529,3.7795
2024-06-07,3.753,3.753,3.7529,3.7529
2024-06-06,3.7462,3.753,3.746,3.753
2024-06-05,3.7396,3.7462,3.7395,3.7462
2024-06-04,3.729,3.7396,3.729,3.7396
2024-06-03,3.7371,3.7371,3.729,3.729
2024-05-31,3.7477,3.748,3.7371,3.7371
2024-05-30,3.7596,3.7596,3.747,3.7477
2024-05-29,3.7459,3.7596,3.7459,3.7596
2024-05-28,3.7409,3.7459,3.74,3.7459
2024-05-27,3.7349,3.7409,3.7349,3.7409
2024-05-24,3.743,3.7436,3.7349,3.7349
2024-05-23,3.7408,3.743,3.74,3.743
2024-05-22,3.73,3.7408,3.73,3.7408
2024-05-21,3.7331,3.7331,3.73,3.73
2024-05-20,3.7416,3.7417,3.733,3.733
2024-05-17,3.7269,3.7416,3.726,3.7416
2024-05-16,3.7154,3.7269,3.715,3.7269
2024-05-15,3.7249,3.7249,3.7154,3.7154
2024-05-14,3.7221,3.7249,3.716,3.7249
2024-05-13,3.7079,3.7221,3.7075,3.7221
2024-05-10,3.7031,3.7079,3.7031,3.7079
2024-05-09,3.7198,3.7199,3.7031,3.7031
2024-05-08,3.7246,3.7246,3.7198,3.7198
2024-05-07,3.7246,3.7246,3.7245,3.7246
2024-05-06,3.7161,3.7246,3.7161,3.7246
2024-05-03,3.752,3.7525,3.7161,3.7161
2024-05-02,3.753,3.7531,3.7522,3.7522
2024-05-01,3.753,3.7535,3.753,3.7535
2024-04-30,3.7258,3.7529,3.7258,3.7529
2024-04-29,3.752,3.752,3.7259,3.7259
2024-04-26,3.7437,3.752,3.7437,3.752
2024-04-25,3.725,3.7436,3.725,3.7436
2024-04-24,3.6997,3.7251,3.6997,3.7251
2024-04-23,3.6935,3.6998,3.6935,3.6998
2024-04-22,3.6928,3.6934,3.6925,3.6934
2024-04-19,3.7373,3.7373,3.6927,3.6927
2024-04-18,3.7433,3.7433,3.7374,3.7374
2024-04-17,3.7573,3.7573,3.7434,3.744
2024-04-16,3.7256,3.7572,3.725,3.757
2024-04-15,3.7033,3.7257,3.7033,3.7257
2024-04-12,3.7082,3.7082,3.702,3.7032
2024-04-11,3.7099,3.7099,3.7081,3.7081
2024-04-10,3.693,3.7099,3.693,3.7099
2024-04-09,3.6765,3.693,3.676,3.693
2024-04-08,3.6871,3.6872,3.6765,3.6765
2024-04-05,3.6731,3.6871,3.6725,3.6871
2024-04-04,3.6869,3.6869,3.6731,3.6731
2024-04-03,3.7058,3.7065,3.6869,3.6869
2024-04-02,3.7298,3.7298,3.6865,3.7058
2024-04-01,3.7173,3.7298,3.7173,3.7298
2024-03-29,3.7174,3.7174,3.7173,3.7173
2024-03-28,3.7175,3.73,3.717,3.7174
2024-03-27,3.727,3.7271,3.7175,3.7175
2024-03-26,3.7031,3.727,3.703,3.727
2024-03-25,3.6909,3.7031,3.6909,3.7031
2024-03-22,3.6969,3.697,3.6909,3.6909
2024-03-21,3.6911,3.6969,3.691,3.6969
2024-03-20,3.7034,3.7034,3.6911,3.6911
2024-03-19,3.6959,3.7034,3.6959,3.7034
2024-03-18,3.6894,3.6959,3.689,3.6959
2024-03-15,3.6742,3.6894,3.6742,3.6894
2024-03-14,3.6641,3.6742,3.664,3.6742
2024-03-13,3.6904,3.6905,3.658,3.6641
2024-03-12,3.6865,3.6904,3.686,3.6904
2024-03-11,3.7684,3.7685,3.6845,3.6865
2024-03-08,3.7202,3.7265,3.6865,3.6865
2024-03-07,3.7266,3.7266,3.7202,3.7202
2024-03-06,3.7684,3.7692,3.7266,3.7266
2024-03-05,3.7643,3.7684,3.75,3.7684
2024-03-04,3.7692,3.7693,3.7643,3.7643
2024-03-01,3.778,3.778,3.769,3.7692
2024-02-29,3.7945,3.7946,3.778,3.778
2024-02-28,3.7883,3.8236,3.7882,3.7945
2024-02-27,3.7983,3.7984,3.7883,3.7883
2024-02-26,3.7961,3.7983,3.795,3.7983
2024-02-23,3.8084,3.8085,3.7961,3.7961
2024-02-22,3.7962,3.8084,3.7961,3.8084
2024-02-21,3.7788,3.7962,3.7788,3.796
2024-02-20,3.7955,3.7955,3.7788,3.7788
2024-02-19,3.8236,3.8236,3.7955,3.7955
2024-02-16,3.8665,3.8666,3.8236,3.8236
2024-02-15,3.8721,3.8721,3.8665,3.8665
2024-02-14,3.8839,3.884,3.8721,3.8721
2024-02-13,3.8647,3.8839,3.8645,3.8839
2024-02-12,3.8688,3.869,3.8647,3.8647
2024-02-09,3.8507,3.8688,3.8506,3.8688
2024-02-08,3.8667,3.8668,3.85,3.8507
2024-02-07,3.8564,3.8667,3.8563,3.8667
2024-02-06,3.8582,3.8583,3.8564,3.8564
2024-02-05,3.8324,3.8582,3.8324,3.8582
2024-02-02,3.8034,3.8324,3.803,3.8324
2024-02-01,3.8014,3.8034,3.801,3.803
2024-01-31,3.8116,3.8117,3.801,3.8014
2024-01-30,3.8057,3.8116,3.805,3.8115
2024-01-29,3.7868,3.7869,3.786,3.786
2024-01-26,3.7617,3.7868,3.7617,3.7868
2024-01-25,3.7578,3.7617,3.757,3.7617
2024-01-24,3.7533,3.7578,3.7533,3.7578
2024-01-23,3.7392,3.7533,3.7391,3.7533
2024-01-22,3.7397,3.7397,3.7392,3.7392
2024-01-19,3.7385,3.7397,3.738,3.7397
2024-01-18,3.7403,3.7403,3.7164,3.7385
2024-01-17,3.6948,3.7403,3.6948,3.7403
2024-01-16,3.6949,3.7163,3.6948,3.7163
2024-01-15,3.6935,3.6949,3.6935,3.6949
2024-01-12,3.6992,3.6999,3.6935,3.6935
2024-01-11,3.7,3.7,3.6992,3.6992
2024-01-10,3.7057,3.7058,3.7,3.7
2024-01-09,3.7131,3.7131,3.7057,3.7057
2024-01-08,3.7151,3.7152,3.713,3.713
2024-01-05,3.7405,3.7405,3.715,3.715
2024-01-04,3.7333,3.7405,3.7333,3.7405
2024-01-03,3.7109,3.7333,3.71,3.7333
2024-01-02,3.711,3.711,3.7109,3.7109
2024-01-01,3.7109,3.7109,3.7109,3.7109
2023-12-29,3.7016,3.7109,3.701,3.7109
2023-12-28,3.6912,3.7016,3.6911,3.7016
2023-12-27,3.6869,3.6912,3.6869,3.6912
2023-12-26,3.6823,3.687,3.6823,3.687
2023-12-22,3.705,3.711,3.705,3.711
2023-12-21,3.7043,3.711,3.7043,3.711
2023-12-20,3.7109,3.711,3.704,3.704
2023-12-19,3.744,3.744,3.7109,3.7109
2023-12-18,3.7604,3.7605,3.744,3.744
2023-12-15,3.7657,3.7657,3.7604,3.7604
2023-12-14,3.7852,3.7853,3.763,3.7657
2023-12-13,3.7764,3.79,3.7763,3.7852
2023-12-12,3.7728,3.7764,3.7728,3.7764
2023-12-11,3.7539,3.7728,3.7539,3.7728
2023-12-08,3.754,3.754,3.7539,3.7539
2023-12-07,3.7537,3.754,3.7537,3.754
2023-12-06,3.7558,3.7558,3.7537,3.7537
2023-12-05,3.7442,3.7558,3.7442,3.7558
2023-12-04,3.7353,3.7442,3.7352,3.7442
2023-12-01,3.736,3.7361,3.7225,3.7353
2023-11-30,3.7329,3.736,3.7328,3.736
2023-11-29,3.713,3.7329,3.713,3.7329
2023-11-28,3.7199,3.7296,3.7198,3.7296
2023-11-27,3.7324,3.7325,3.7199,3.7199
2023-11-24,3.7346,3.7346,3.73,3.7324
2023-11-23,3.7427,3.7427,3.7346,3.7346
2023-11-22,3.7421,3.7427,3.7421,3.7427
2023-11-21,3.7385,3.7421,3.738,3.7421
2023-11-20,3.7714,3.7714,3.7385,3.7385
2023-11-17,3.7692,3.7714,3.7692,3.7714
2023-11-16,3.772,3.7721,3.7692,3.7692
2023-11-15,3.7669,3.772,3.7665,3.772
2023-11-14,3.8111,3.8112,3.7669,3.7669
2023-11-13,3.8137,3.8138,3.8111,3.8111
2023-11-10,3.7947,3.8137,3.7944,3.8137
2023-11-09,3.7824,3.8018,3.7799,3.7947
2023-11-08,3.7773,3.7977,3.7629,3.7824
2023-11-07,3.7578,3.7782,3.7578,3.7629
2023-11-06,3.7321,3.7618,3.7321,3.7578
2023-11-03,3.754,3.7678,3.7137,3.7367
2023-11-02,3.8188,3.8387,3.754,3.754
2023-11-01,3.8238,3.8372,3.8188,3.8188
2023-10-31,3.8062,3.8382,3.8062,3.8238
2023-10-30,3.8403,3.8556,3.8062,3.8062
2023-10-27,3.8528,3.8603,3.8403,3.8403
2023-10-26,3.8591,3.8752,3.8524,3.8528
2023-10-25,3.8469,3.8718,3.8469,3.8591
2023-10-24,3.8485,3.8655,3.8469,3.8469
2023-10-23,3.8707,3.8788,3.8485,3.8485
2023-10-20,3.8534,3.8737,3.8533,3.8707
2023-10-19,3.8532,3.8758,3.853,3.8534
2023-10-18,3.8306,3.8713,3.8283,3.8535
2023-10-17,3.845,3.8683,3.8308,3.8308
2023-10-16,3.843,3.8633,3.843,3.845
2023-10-13,3.8236,3.8584,3.8225,3.849
2023-10-12,3.8039,3.8468,3.8038,3.8236
2023-10-11,3.8059,3.8298,3.8034,3.8039
2023-10-10,3.8217,3.8347,3.8061,3.8061
2023-10-09,3.8102,3.8428,3.8102,3.8217
2023-10-06,3.806,3.8355,3.8057,3.8102
2023-10-05,3.788,3.8328,3.788,3.806
2023-10-04,3.7783,3.8124,3.7782,3.788
2023-10-03,3.7807,3.8028,3.7783,3.7783
2023-10-02,3.7721,3.8052,3.7717,3.7807
2023-09-29,3.7721,3.7898,3.7697,3.7721
2023-09-28,3.79,3.8097,3.7721,3.7721
2023-09-27,3.7705,3.8028,3.7705,3.7893
2023-09-26,3.7603,3.7877,3.7599,3.7705
2023-09-25,3.7325,3.7758,3.7325,3.7603
2023-09-22,3.7259,3.7567,3.7229,3.7335
2023-09-21,3.7055,3.7511,3.7055,3.7262
2023-09-20,3.6859,3.7177,3.6856,3.7055
2023-09-19,3.6946,3.7178,3.6859,3.6859
2023-09-18,3.7085,3.7212,3.6937,3.6949
2023-09-15,3.7053,3.7248,3.699,3.7085
2023-09-14,3.6873,3.7137,3.6821,3.7055
2023-09-13,3.6823,3.7056,3.6823,3.6873
2023-09-12,3.6798,3.7105,3.6779,3.6823
2023-09-11,3.7013,3.7148,3.6846,3.6846
2023-09-08,3.6952,3.7178,3.6949,3.7013
2023-09-07,3.6876,3.7177,3.6875,3.6975
2023-09-06,3.6807,3.708,3.68,3.6876
2023-09-05,3.6773,3.6949,3.6773,3.6823
2023-09-04,3.6842,3.6917,3.6773,3.6773
2023-09-01,3.6753,3.6937,3.6752,3.6842
2023-08-31,3.6799,3.6976,3.6731,3.6755
2023-08-30,3.6711,3.6873,3.6711,3.6799
2023-08-29,3.6798,3.6959,3.6711,3.6711
2023-08-28,3.6782,3.7151,3.6775,3.6798
2023-08-25,3.6758,3.6983,3.6751,3.6782
2023-08-24,3.6965,3.7056,3.6758,3.6758
2023-08-23,3.7076,3.7222,3.6968,3.6968
2023-08-22,3.7108,3.7339,3.7076,3.7076
2023-08-21,3.7026,3.726,3.6965,3.7108
2023-08-18,3.7019,3.7233,3.6948,3.7026
2023-08-17,3.7086,3.7306,3.7019,3.7019
2023-08-16,3.6916,3.7287,3.6854,3.7088
2023-08-15,3.6928,3.7191,3.6846,3.6918
2023-08-14,3.6702,3.7064,3.6702,3.6928
2023-08-11,3.6567,3.6893,3.65,3.6757
2023-08-10,3.6794,3.6938,3.6483,3.6483
2023-08-09,3.6857,3.6997,3.6794,3.6794
2023-08-08,3.678,3.7129,3.678,3.6857
2023-08-07,3.6691,3.6967,3.6691,3.678
2023-08-04,3.6856,3.6987,3.6691,3.6691
2023-08-03,3.6301,3.7025,3.63,3.6856
2023-08-02,3.6294,3.6676,3.6294,3.6301
2023-08-01,3.587,3.6448,3.587,3.6296
2023-07-31,3.5841,3.6144,3.5841,3.587
2023-07-28,3.5814,3.5986,3.5814,3.5844
2023-07-27,3.5839,3.5983,3.5787,3.5814
2023-07-26,3.5889,3.6037,3.5839,3.5839
2023-07-25,3.5766,3.6059,3.5766,3.5892
2023-07-24,3.5727,3.5918,3.5727,3.5766
2023-07-21,3.5688,3.5887,3.5687,3.5727
2023-07-20,3.5671,3.5913,3.5666,3.5688
2023-07-19,3.5586,3.5897,3.5547,3.5674
2023-07-18,3.5432,3.5703,3.5432,3.5586
2023-07-17,3.542,3.5692,3.542,3.5432
2023-07-14,3.5585,3.5739,3.542,3.542
2023-07-13,3.5676,3.5892,3.5566,3.5588
2023-07-12,3.6064,3.6223,3.5671,3.5679
2023-07-11,3.6218,3.6417,3.6064,3.6064
2023-07-10,3.6264,3.6428,3.6264,3.635
2023-07-07,3.6322,3.6471,3.6191,3.6264
2023-07-06,3.6173,3.6488,3.6173,3.6322
2023-07-05,3.6121,3.6326,3.6111,3.6173
2023-07-04,3.6185,3.6185,3.6121,3.6121
2023-07-03,3.6089,3.6345,3.6069,3.6069
2023-06-30,3.6161,3.6318,3.61,3.61
2023-06-29,3.6108,3.6316,3.6108,3.6161
2023-06-28,3.6174,3.644,3.6108,3.6108
2023-06-27,3.6299,3.6433,3.6174,3.6174
2023-06-26,3.6147,3.6438,3.6147,3.6299
2023-06-23,3.6117,3.6342,3.6116,3.6147
2023-06-22,3.613,3.6403,3.6117,3.6117
2023-06-21,3.6175,3.6438,3.6175,3.626
2023-06-20,3.6104,3.6457,3.6104,3.6175
2023-06-19,3.6008,3.6358,3.6008,3.6104
2023-06-16,3.6237,3.6437,3.6008,3.6008
2023-06-15,3.63,3.6578,3.6237,3.6237
2023-06-14,3.639,3.6578,3.63,3.63
2023-06-13,3.6208,3.6537,3.6207,3.6393
2023-06-12,3.6467,3.6588,3.6208,3.6208
2023-06-09,3.6368,3.6486,3.6254,3.6466
2023-06-08,3.6487,3.6607,3.6368,3.6368
2023-06-07,3.6588,3.6866,3.6467,3.6487
2023-06-06,3.6654,3.6896,3.6588,3.6588
2023-06-05,3.6845,3.6857,3.6654,3.6654
2023-06-02,3.6672,3.6906,3.6671,3.6845
2023-06-01,3.6559,3.6947,3.6529,3.6672
2023-05-31,3.6582,3.6814,3.6559,3.6559
2023-05-30,3.657,3.6791,3.657,3.6582
2023-05-29,3.6742,3.6747,3.6544,3.657
2023-05-26,3.6826,3.685,3.6558,3.6742
2023-05-25,3.6617,3.7055,3.6616,3.6826
2023-05-24,3.6597,3.6912,3.6596,3.6617
2023-05-23,3.6779,3.6958,3.6597,3.6597
2023-05-22,3.6828,3.6947,3.6779,3.6779
2023-05-19,3.6813,3.6948,3.6795,3.6828
2023-05-18,3.6804,3.7045,3.6801,3.6813
2023-05-17,3.6688,3.6981,3.6688,3.6804
2023-05-16,3.6386,3.6947,3.6386,3.669
2023-05-15,3.6524,3.6669,3.6386,3.6386
2023-05-12,3.6417,3.6597,3.6361,3.6524
2023-05-11,3.6549,3.6836,3.6379,3.645
2023-05-10,3.6777,3.6886,3.6473,3.6551
2023-05-09,3.6868,3.7056,3.67,3.678
2023-05-08,3.692,3.7097,3.6858,3.6868
2023-05-05,3.7503,3.7503,3.6889,3.692
2023-05-04,3.6947,3.7207,3.6944,3.7028
2023-05-03,3.6973,3.7175,3.695,3.695
2023-05-02,3.7036,3.7122,3.689,3.6969
2023-05-01,3.7054,3.7054,3.7015,3.7036
2023-04-28,3.7062,3.7232,3.6991,3.7054
2023-04-27,3.7151,3.7412,3.7062,3.7062
2023-04-26,3.74,3.7536,3.7151,3.7151
2023-04-25,3.7362,3.7674,3.7362,3.74
2023-04-24,3.745,3.76,3.7362,3.7362
2023-04-21,3.7476,3.7669,3.745,3.745
2023-04-20,3.7605,3.7746,3.7476,3.7476
2023-04-19,3.7618,3.7797,3.7592,3.7607
2023-04-18,3.7701,3.7817,3.7618,3.7618
2023-04-17,3.7589,3.7837,3.7589,3.7703
2023-04-14,3.7602,3.7846,3.7589,3.7589
2023-04-13,3.7595,3.776,3.7595,3.7602
2023-04-12,3.7657,3.7826,3.7595,3.7595
2023-04-11,3.7654,3.7876,3.7635,3.7768
2023-04-10,3.746,3.7806,3.7368,3.7654
2023-04-07,3.7461,3.7572,3.746,3.746
2023-04-06,3.7531,3.7661,3.7461,3.7461
2023-04-05,3.7574,3.7726,3.7531,3.7531
2023-04-04,3.7546,3.7729,3.7471,3.7574
2023-04-03,3.7609,3.7686,3.7546,3.7549
2023-03-31,3.7455,3.7616,3.7452,3.7609
2023-03-30,3.736,3.7616,3.736,3.7455
2023-03-29,3.7489,3.7659,3.736,3.736
2023-03-28,3.7545,3.768,3.7489,3.7489
2023-03-27,3.7628,3.7713,3.7545,3.7545
2023-03-24,3.7527,3.7726,3.7527,3.7634
2023-03-23,3.754,3.7678,3.75,3.7527
2023-03-22,3.7588,3.7726,3.754,3.754
2023-03-21,3.7614,3.7747,3.7561,3.7588
2023-03-20,3.7789,3.7941,3.7614,3.7614
2023-03-17,3.7846,3.7999,3.7712,3.7789
2023-03-16,3.7897,3.8046,3.7712,3.7712
2023-03-15,3.7839,3.8118,3.7705,3.7897
2023-03-14,3.7826,3.7954,3.7705,3.7841
2023-03-13,3.7806,3.8067,3.7706,3.7826
2023-03-10,3.7671,3.7845,3.7671,3.7806
2023-03-09,3.7975,3.7975,3.7671,3.7671
2023-03-08,3.7682,3.7978,3.7671,3.7837
2023-03-07,3.7559,3.7947,3.7532,3.7685
2023-03-06,3.7775,3.7863,3.7559,3.7559
2023-03-03,3.7695,3.7866,3.7649,3.7681
2023-03-02,3.7494,3.7896,3.7494,3.7695
2023-03-01,3.777,3.7916,3.7494,3.7494
2023-02-28,3.7936,3.8067,3.777,3.777
2023-02-27,3.8187,3.8187,3.7936,3.7936
2023-02-24,3.7864,3.8258,3.7854,3.8187
2023-02-23,3.7997,3.8047,3.7777,3.7864
2023-02-22,3.8187,3.8278,3.7893,3.7893
2023-02-21,3.8233,3.8373,3.8089,3.8189
2023-02-20,3.833,3.8398,3.8233,3.8233
2023-02-17,3.8324,3.8493,3.8211,3.8372
2023-02-16,3.8372,3.8707,3.8324,3.8324
2023-02-15,3.8286,3.8688,3.8272,3.8372
2023-02-14,3.8412,3.8627,3.8289,3.8289
2023-02-13,3.819,3.8578,3.819,3.8412
2023-02-10,3.8411,3.8658,3.819,3.819
2023-02-09,3.8422,3.8698,3.8411,3.8411
2023-02-08,3.815,3.8677,3.815,3.8422
2023-02-07,3.8385,3.8497,3.815,3.815
2023-02-06,3.8121,3.8568,3.8121,3.8322
2023-02-03,3.8155,3.8557,3.8053,3.8147
2023-02-02,3.837,3.8508,3.808,3.8158
2023-02-01,3.8274,3.8507,3.8269,3.837
2023-01-31,3.8347,3.8498,3.8274,3.8274
2023-01-30,3.8218,3.8597,3.8148,3.8347
2023-01-27,3.8165,3.8347,3.8088,3.822
2023-01-26,3.8807,3.8807,3.8165,3.8165
2023-01-25,3.8857,3.9087,3.8753,3.8807
2023-01-24,3.8613,3.8886,3.857,3.8859
2023-01-23,3.8427,3.8838,3.8424,3.8615
2023-01-20,3.8466,3.8568,3.8374,3.8427
2023-01-19,3.8258,3.8608,3.8144,3.8468
2023-01-18,3.8156,3.8327,3.8118,3.8261
2023-01-17,3.7947,3.8331,3.7947,3.8158
2023-01-16,3.7947,3.7947,3.7947,3.7947
2023-01-13,3.77,3.8148,3.762,3.7947
2023-01-12,3.7706,3.7867,3.7597,3.7711
2023-01-11,3.7797,3.7897,3.7632,3.7706
2023-01-10,3.7866,3.8067,3.7797,3.7797
2023-01-09,3.7837,3.8006,3.7789,3.7866
2023-01-06,3.7984,3.8078,3.7837,3.7837
2023-01-05,3.8216,3.8337,3.7984,3.7984
2023-01-04,3.8043,3.8297,3.8028,3.8216
2023-01-03,3.8047,3.8196,3.7943,3.8043
2023-01-02,3.8007,3.8047,3.8007,3.8047
2022-12-30,3.7853,3.8127,3.7853,3.8027
2022-12-29,3.7949,3.8128,3.7845,3.7853
2022-12-28,3.7948,3.8156,3.7944,3.7949
2022-12-27,3.8008,3.8216,3.7948,3.7948
2022-12-26,3.8032,3.8207,3.8008,3.8008
2022-12-23,3.7979,3.8168,3.7857,3.8032
2022-12-22,3.7832,3.8168,3.7832,3.7981
2022-12-21,3.8001,3.8208,3.7832,3.7832
2022-12-20,3.8287,3.8348,3.8003,3.8003
2022-12-19,3.8263,3.8366,3.817,3.8287
2022-12-16,3.8144,3.8496,3.8143,3.8263
2022-12-15,3.8038,3.8487,3.8038,3.8144
2022-12-14,3.7999,3.8346,3.7998,3.8038
2022-12-13,3.8406,3.8406,3.7999,3.7999
2022-12-12,3.8286,3.8396,3.8115,3.8353
2022-12-09,3.846,3.8576,3.8286,3.8286
2022-12-08,3.8591,3.8592,3.846,3.846
2022-12-07,3.8066,3.8896,3.791,3.8591
2022-12-06,3.8364,3.8364,3.8066,3.8066
2022-12-05,3.823,3.8647,3.8202,3.8364
2022-12-02,3.8204,3.8357,3.8045,3.823
2022-12-01,3.8171,3.8546,3.8023,3.8207
2022-11-30,3.8284,3.8486,3.8171,3.8171
2022-11-29,3.8292,3.847,3.8275,3.8284
2022-11-28,3.8428,3.8597,3.8292,3.8292
2022-11-25,3.8367,3.8728,3.8367,3.8428
2022-11-24,3.8427,3.8498,3.8261,3.8367
2022-11-23,3.8285,3.8528,3.8285,3.8427
2022-11-22,3.8258,3.8647,3.8242,3.8285
2022-11-21,3.8147,3.8397,3.8147,3.8258
2022-11-18,3.8009,3.8296,3.7936,3.8147
2022-11-17,3.8287,3.8516,3.8012,3.8012
2022-11-16,3.8078,3.8427,3.8078,3.8287
2022-11-15,3.8477,3.8477,3.8078,3.8078
2022-11-14,3.8397,3.8647,3.8397,3.847
2022-11-11,3.8389,3.8548,3.8389,3.8397
2022-11-10,3.8807,3.8846,3.8343,3.8389
2022-11-09,3.8848,3.9354,3.8807,3.8807
2022-11-08,3.9385,3.9421,3.8848,3.8848
2022-11-07,3.9422,3.9537,3.9333,3.9385
2022-11-04,3.9573,3.9666,3.9,3.9422
2022-11-03,3.9358,3.9728,3.9354,3.9573
2022-11-02,3.9714,3.9797,3.9358,3.9358
2022-11-01,3.9567,3.986,3.9567,3.9714
2022-10-31,3.9612,3.9928,3.9567,3.9567
2022-10-28,3.9617,3.9777,3.9573,3.9612
2022-10-27,3.9676,3.9875,3.9616,3.9617
2022-10-26,3.985,3.9917,3.9676,3.9676
2022-10-25,3.9857,3.9986,3.9781,3.9865
2022-10-24,3.9797,4.0017,3.9768,3.9857
2022-10-21,3.9712,3.9847,3.9694,3.9729
2022-10-20,3.9706,3.9817,3.9637,3.9712
2022-10-19,3.9616,3.9858,3.9616,3.9706
2022-10-18,3.9651,3.9798,3.9616,3.9616
2022-10-17,3.977,3.9888,3.9649,3.9651
2022-10-14,3.9456,3.9917,3.9454,3.977
2022-10-13,3.9671,3.9896,3.9456,3.9456
2022-10-12,3.9574,3.9857,3.9574,3.9671
2022-10-11,3.9514,3.9748,3.9514,3.9574
2022-10-10,3.9443,3.9628,3.9398,3.9514
2022-10-07,3.9619,3.9847,3.9443,3.9443
2022-10-06,3.957,3.9857,3.957,3.9619
2022-10-05,3.953,3.9678,3.9363,3.957
2022-10-04,3.9458,3.9567,3.9344,3.9363
2022-10-03,3.9744,3.9843,3.9458,3.9458
2022-09-30,3.9613,3.9857,3.9613,3.9744
2022-09-29,3.9317,3.9737,3.9312,3.9613
2022-09-28,3.9347,3.96,3.9245,3.9317
2022-09-27,3.922,3.9597,3.9197,3.9347
2022-09-26,3.9097,3.9436,3.8961,3.922
2022-09-23,3.8725,3.9147,3.8725,3.9097
2022-09-22,3.8965,3.9166,3.8725,3.8725
2022-09-21,3.8885,3.9067,3.8766,3.8966
2022-09-20,3.8592,3.8998,3.8592,3.8885
2022-09-19,3.8736,3.8777,3.8418,3.859
2022-09-16,3.8774,3.8896,3.8622,3.8731
2022-09-15,3.8407,3.8916,3.8317,3.8774
2022-09-14,3.8398,3.872,3.832,3.832
2022-09-13,3.841,3.8566,3.8398,3.8398
2022-09-12,3.8694,3.8806,3.841,3.841
2022-09-09,3.8701,3.8809,3.8643,3.8694
2022-09-08,3.8783,3.8898,3.8598,3.8701
2022-09-07,3.8684,3.8938,3.8684,3.8783
2022-09-06,3.8758,3.888,3.8641,3.8684
2022-09-05,3.8636,3.8758,3.8636,3.8758
2022-09-02,3.8424,3.8798,3.8401,3.8636
2022-09-01,3.832,3.8698,3.831,3.8424
2022-08-31,3.8022,3.8437,3.8022,3.832
2022-08-30,3.8181,3.8272,3.8022,3.8022
2022-08-29,3.8456,3.8456,3.8181,3.8181
2022-08-26,3.8488,3.8631,3.8196,3.8196
2022-08-25,3.8557,3.8678,3.8441,3.8488
2022-08-24,3.849,3.8678,3.849,3.8557
2022-08-23,3.8689,3.8689,3.8447,3.849
2022-08-22,3.8512,3.8798,3.8512,3.8689
2022-08-19,3.8364,3.8618,3.8343,3.8512
2022-08-18,3.8274,3.8447,3.8205,3.8304
2022-08-17,3.8367,3.8478,3.821,3.8274
2022-08-16,3.8446,3.8757,3.8404,3.8404
2022-08-15,3.864,3.881,3.8194,3.8446
2022-08-12,3.8607,3.8806,3.8607,3.864
2022-08-11,3.8758,3.9208,3.8607,3.8607
2022-08-10,3.9173,3.9307,3.8719,3.876
2022-08-09,3.9113,3.9338,3.9081,3.9173
2022-08-08,3.9012,3.9217,3.8866,3.9113
2022-08-05,3.879,3.9068,3.8785,3.9012
2022-08-04,3.8984,3.9087,3.869,3.879
2022-08-03,3.9157,3.9228,3.8984,3.8984
2022-08-02,3.8707,3.9235,3.8707,3.9157
2022-08-01,3.9158,3.9208,3.8707,3.8707
2022-07-29,3.9208,3.931,3.9158,3.9158
2022-07-28,3.9097,3.9208,3.9097,3.9208
2022-07-27,3.9082,3.9227,3.8985,3.9097
2022-07-26,3.9023,3.9196,3.9023,3.9082
2022-07-25,3.9025,3.9156,3.8963,3.9023
2022-07-22,3.9029,3.9176,3.9002,3.9025
2022-07-21,3.8771,3.9137,3.877,3.9029
2022-07-20,3.8612,3.8898,3.8548,3.8771
2022-07-19,3.8909,3.891,3.8545,3.8612
2022-07-18,3.8923,3.9031,3.8716,3.8909
2022-07-15,3.8911,3.9007,3.8691,3.8923
2022-07-14,3.9543,3.9543,3.8789,3.8911
2022-07-13,3.9543,3.9543,3.9543,3.9543
2022-07-12,3.9473,3.9797,3.9469,3.9543
2022-07-11,3.8976,3.9578,3.8966,3.9473
2022-07-08,3.8192,3.8192,3.8192,3.8192
2022-07-06,3.8464,3.8524,3.8464,3.8502
2022-07-05,3.815,3.8638,3.8149,3.8464
2022-07-04,3.832,3.832,3.8149,3.815
2022-07-01,3.8141,3.8498,3.8118,3.832
2022-06-30,3.7719,3.8337,3.7719,3.8141
2022-06-29,3.776,3.7798,3.7719,3.7719
2022-06-28,3.7622,3.7867,3.7622,3.776
2022-06-27,3.768,3.7908,3.7621,3.7622
2022-06-24,3.7497,3.7897,3.749,3.7685
2022-06-23,3.7124,3.7598,3.7122,3.7497
2022-06-22,3.7089,3.7327,3.7089,3.7124
2022-06-21,3.712,3.7228,3.7076,3.7089
2022-06-20,3.7082,3.7227,3.7056,3.712
2022-06-17,3.6972,3.7247,3.6964,3.7082
2022-06-16,3.7044,3.752,3.6972,3.6972
2022-06-15,3.7446,3.7557,3.7044,3.7044
2022-06-14,3.7651,3.7651,3.7298,3.7446
2022-06-13,3.7542,3.7948,3.7498,3.7651
2022-06-10,3.7433,3.7847,3.74,3.7542
2022-06-09,3.7543,3.7648,3.7384,3.7433
2022-06-08,3.7385,3.7647,3.7273,3.7543
2022-06-07,3.7259,3.7598,3.7222,3.7385
2022-06-06,3.6966,3.7327,3.6966,3.7259
2022-06-03,3.6923,3.7078,3.6847,3.6966
2022-06-02,3.7253,3.7253,3.6923,3.6923
2022-06-01,3.7097,3.7298,3.7008,3.7253
2022-05-31,3.6747,3.7127,3.6744,3.7097
2022-05-30,3.6707,3.6747,3.6597,3.6747
2022-05-27,3.6563,3.6707,3.6525,3.6707
2022-05-26,3.6797,3.6858,3.6418,3.6563
2022-05-25,3.6961,3.6997,3.6697,3.6797
2022-05-24,3.713,3.7248,3.6798,3.6961
2022-05-23,3.7278,3.7293,3.7067,3.713
2022-05-20,3.7297,3.7338,3.7178,3.7278
2022-05-19,3.7718,3.7718,3.7297,3.7297
2022-05-18,3.7607,3.7748,3.7562,3.7718
2022-05-17,3.7668,3.7697,3.7497,3.7607
2022-05-16,3.7752,3.7869,3.7668,3.7668
2022-05-13,3.7598,3.788,3.7497,3.7752
2022-05-12,3.7847,3.8048,3.7598,3.7598
2022-05-11,3.7781,3.788,3.767,3.7847
2022-05-10,3.8197,3.8198,3.7781,3.7781
2022-05-09,3.806,3.8297,3.806,3.8197
2022-05-06,3.7887,3.8148,3.7842,3.806
2022-05-05,3.7675,3.7917,3.758,3.7887
2022-05-04,3.815,3.8158,3.7598,3.7598
2022-05-03,3.8323,3.8332,3.814,3.815
2022-05-02,3.8347,3.8448,3.8308,3.8323
2022-04-29,3.8398,3.8398,3.8347,3.8347
2022-04-28,3.8257,3.8518,3.8219,3.8398
2022-04-27,3.8228,3.8337,3.8189,3.8257
2022-04-26,3.8027,3.8228,3.7989,3.8228
2022-04-25,3.7639,3.8197,3.7634,3.8027
2022-04-22,3.7353,3.7697,3.7316,3.7639
2022-04-21,3.7127,3.7353,3.709,3.7353
2022-04-20,3.7068,3.7127,3.6997,3.7127
2022-04-19,3.732,3.7378,3.7028,3.7068
2022-04-18,3.7268,3.7367,3.7268,3.732
2022-04-15,3.7284,3.7284,3.7268,3.7268
2022-04-14,3.7327,3.7999,3.7284,3.7284
2022-04-13,3.7206,3.7397,3.7205,3.7327
2022-04-12,3.71,3.7206,3.7018,3.7206
2022-04-11,3.7098,3.7425,3.7058,3.71
2022-04-08,3.7107,3.7138,3.6958,3.7098
2022-04-07,3.6919,3.7146,3.6919,3.7107
2022-04-06,3.6957,3.72,3.6918,3.717
2022-04-05,3.6278,3.7017,3.6278,3.6957
2022-04-04,3.6369,3.6369,3.6172,3.6278
2022-04-01,3.6758,3.6759,3.6369,3.6369
2022-03-31,3.7237,3.7237,3.6758,3.6758
2022-03-30,3.7228,3.7317,3.7075,3.7075
2022-03-29,3.7287,3.7288,3.7148,3.7228
2022-03-28,3.7348,3.7348,3.7247,3.7287
2022-03-25,3.7349,3.7349,3.721,3.7348
2022-03-24,3.7654,3.7654,3.717,3.7349
2022-03-23,3.7758,3.777,3.7629,3.7654
2022-03-22,3.7827,3.7858,3.7628,3.7758
2022-03-21,3.7808,3.7917,3.7797,3.7827
2022-03-18,3.7387,3.7808,3.7387,3.7808
2022-03-17,3.7188,3.7387,3.7047,3.7387
2022-03-16,3.7337,3.7358,3.7188,3.7188
2022-03-15,3.7178,3.7447,3.7177,3.7337
2022-03-14,3.6988,3.7178,3.6988,3.7178
2022-03-11,3.7078,3.709,3.696,3.6988
2022-03-10,3.7269,3.7269,3.7078,3.7078
2022-03-09,3.7378,3.7389,3.7102,3.7269
2022-03-08,3.7197,3.7388,3.7098,3.7378
2022-03-07,3.751,3.7547,3.7197,3.7197
2022-03-04,3.7278,3.7548,3.7248,3.751
2022-03-03,3.7451,3.7488,3.706,3.7278
2022-03-02,3.776,3.7858,3.7448,3.7451
2022-03-01,3.7728,3.7857,3.7707,3.776
2022-02-28,3.7967,3.7967,3.7694,3.7728
2022-02-25,3.7928,3.7997,3.7928,3.7967
2022-02-24,3.7182,3.7998,3.7182,3.7928
2022-02-23,3.7132,3.73,3.7036,3.7182
2022-02-22,3.7482,3.7588,3.7134,3.7134
2022-02-21,3.7208,3.7532,3.7208,3.7482
2022-02-18,3.715,3.7475,3.6943,3.721
2022-02-17,3.742,3.7525,3.715,3.715
2022-02-16,3.7918,3.7977,3.742,3.742
2022-02-15,3.7866,3.8047,3.7866,3.7918
2022-02-14,3.7432,3.7938,3.7432,3.7866
2022-02-11,3.7253,3.77,3.7176,3.77
2022-02-10,3.7922,3.8027,3.7253,3.7253
2022-02-09,3.8232,3.8398,3.7922,3.7922
2022-02-08,3.8341,3.8438,3.8232,3.8232
2022-02-07,3.8313,3.8503,3.8244,3.8344
2022-02-04,3.846,3.875,3.8315,3.8315
2022-02-03,3.8469,3.8628,3.846,3.846
2022-02-02,3.8737,3.8807,3.8417,3.8469
2022-02-01,3.8368,3.8828,3.8368,3.874
2022-01-31,3.8379,3.8484,3.8283,3.8368
2022-01-28,3.8274,3.8497,3.8274,3.8382
2022-01-27,3.825,3.8406,3.825,3.8274
2022-01-26,3.845,3.8467,3.825,3.825
2022-01-25,3.846,3.846,3.8365,3.8365
2022-01-24,3.7999,3.8477,3.7998,3.8404
2022-01-21,3.8253,3.8355,3.7999,3.83
2022-01-20,3.8552,3.86,3.8236,3.8253
2022-01-19,3.8591,3.8668,3.8514,3.8552
2022-01-18,3.8697,3.8697,3.8332,3.8594
2022-01-17,3.8697,3.8697,3.8697,3.8697
2022-01-14,3.8867,3.8867,3.8657,3.8657
2022-01-13,3.8842,3.8987,3.8779,3.8867
2022-01-12,3.8954,3.9065,3.8761,3.8842
2022-01-11,3.9204,3.9328,3.8954,3.8954
2022-01-10,3.919,3.9327,3.9085,3.9204
2022-01-07,3.9552,3.9552,3.919,3.919
2022-01-06,3.959,3.9707,3.9489,3.9552
2022-01-05,3.9454,3.9598,3.9307,3.9527
2022-01-04,3.9737,3.9738,3.9403,3.9454
2022-01-03,3.985,3.9967,3.9737,3.9737
2021-12-31,3.9795,3.9898,3.9764,3.985
2021-12-30,3.9651,3.987,3.9651,3.9798
2021-12-29,3.9472,3.9758,3.944,3.9651
2021-12-28,3.9873,3.9895,3.9472,3.97
2021-12-27,3.9997,3.9997,3.97,3.9873
2021-12-24,3.9928,4.001,3.9812,4.001
2021-12-23,4.0289,4.0328,3.9895,3.9928
2021-12-22,4.0444,4.0498,4.0226,4.0292
2021-12-21,4.0478,4.0557,4.0375,4.0444
2021-12-20,4.0323,4.0498,4.0323,4.0478
2021-12-17,4.029,4.0367,4.0239,4.0323
2021-12-16,4.0413,4.0516,4.0259,4.029
2021-12-15,4.0508,4.0557,4.0401,4.0413
2021-12-14,4.0421,4.0568,4.0398,4.0515
2021-12-13,4.0558,4.0647,4.0385,4.0421
2021-12-10,4.0746,4.0787,4.05,4.0558
2021-12-09,4.071,4.0837,4.0597,4.0787
2021-12-08,4.0726,4.0755,4.071,4.071
2021-12-07,4.0775,4.0847,4.0622,4.0767
2021-12-06,4.0687,4.0848,4.0687,4.0775
2021-12-03,4.0626,4.0767,4.0543,4.0687
2021-12-02,4.0646,4.0736,4.0588,4.0626
2021-12-01,4.0536,4.07,4.0497,4.0646
2021-11-30,4.0531,4.0689,4.0469,4.0536
2021-11-29,4.0377,4.0607,4.0297,4.0531
2021-11-26,4.0262,4.0428,4.011,4.011
2021-11-25,4.0175,4.0307,4.0092,4.0221
2021-11-24,3.9977,4.0228,3.9977,4.0139
2021-11-23,3.9968,4.0108,3.9779,3.9977
2021-11-22,3.996,4.0227,3.996,3.9968
2021-11-19,4.0111,4.0258,3.996,3.996
2021-11-18,4.0038,4.0207,4.0012,4.0111
2021-11-17,3.9854,4.0058,3.9847,4.0038
2021-11-16,3.9818,4.0018,3.9818,3.9854
2021-11-15,4.0103,4.0187,3.9805,3.9818
2021-11-12,4.0058,4.0255,4.0052,4.0103
2021-11-11,4.0147,4.0256,4.0054,4.0058
2021-11-10,4.0092,4.0256,4.0037,4.0147
2021-11-09,4.003,4.0167,4.0012,4.0092
2021-11-08,4.0023,4.0137,4.0001,4.003
2021-11-05,4.0032,4.015,3.9995,4.0023
2021-11-04,4.0041,4.0128,3.995,4.0032
2021-11-03,4.001,4.0128,3.9996,4.0041
2021-11-02,3.9872,4.0077,3.9807,4.001
2021-11-01,3.9863,3.9915,3.9763,3.9872
2021-10-29,3.9738,3.9908,3.9738,3.9863
2021-10-28,3.9653,3.9807,3.9632,3.9738
2021-10-27,3.9749,3.9916,3.9653,3.9653
2021-10-26,3.9655,3.9928,3.9616,3.9749
2021-10-25,3.9586,3.9727,3.9558,3.9655
2021-10-22,3.95,4.1198,3.9408,3.9552
2021-10-21,3.9369,3.952,3.9355,3.9415
2021-10-20,3.945,3.9475,3.93,3.9369
2021-10-19,4.1198,4.1198,3.942,3.943
2021-10-18,4.1198,4.1198,3.947,3.947
2021-10-15,4.1198,4.1198,3.93,3.93
2021-10-14,4.1198,4.1198,3.917,3.917
2021-10-13,4.1198,4.1198,3.985,4.1198
2021-10-12,4.1198,4.1198,4.029,4.1198
2021-10-11,4.1198,4.1198,4.1198,4.1198
2021-10-08,4.1198,4.1198,4.086,4.1198
2021-10-07,4.1198,4.136,4.09,4.09
2021-10-06,4.1198,4.131,4.1198,4.1198
2021-10-05,4.1198,4.13,4.1198,4.1198
2021-10-04,4.1198,4.13,4.1198,4.13
2021-10-01,4.1162,4.1162,4.1162,4.1162
2021-09-30,4.1162,4.136,4.1162,4.1162
2021-09-29,4.1162,4.1162,4.1162,4.1162
2021-09-28,4.1126,4.1268,4.11,4.1162
2021-09-27,4.0978,4.1257,4.0977,4.1126
2021-09-24,4.0958,4.1087,4.0957,4.0978
2021-09-23,4.108,4.1128,4.0943,4.0958
2021-09-22,4.1,4.1117,4.0942,4.0994
2021-09-21,4.1168,4.1177,4.0972,4.1
2021-09-20,4.1001,4.1188,4.1,4.1168
2021-09-17,4.0922,4.1109,4.0922,4.1001
2021-09-16,4.0997,4.1138,4.0922,4.0922
2021-09-15,4.0945,4.1088,4.0865,4.0997
2021-09-14,4.0958,4.1047,4.0918,4.0945
2021-09-13,4.0903,4.1053,4.089,4.0958
2021-09-10,4.0904,4.1017,4.0844,4.0903
2021-09-09,4.0831,4.1028,4.0831,4.0886
2021-09-08,4.0806,4.0951,4.0776,4.0831
2021-09-07,4.0912,4.1068,4.079,4.0806
2021-09-06,4.0817,4.1027,4.0817,4.0912
2021-09-03,4.0899,4.1007,4.0787,4.0817
2021-09-02,4.0737,4.1008,4.0737,4.0899
2021-09-01,4.0764,4.0868,4.063,4.0737
2021-08-31,4.0694,4.0878,4.0676,4.0764
2021-08-30,4.066,4.0712,4.066,4.0694
2021-08-27,4.0588,4.0797,4.0473,4.066
2021-08-26,4.0707,4.0978,4.0588,4.0588
2021-08-25,4.0823,4.0977,4.0707,4.0707
2021-08-24,4.0902,4.0998,4.0771,4.0823
2021-08-23,4.1075,4.1158,4.0902,4.0902
2021-08-20,4.0938,4.113,4.0938,4.1075
2021-08-19,4.0932,4.1118,4.0841,4.0938
2021-08-18,4.092,4.094,4.092,4.094
2021-08-17,4.0885,4.0885,4.0885,4.0885
2021-08-16,4.08,4.08,4.08,4.08
2021-08-13,4.078,4.078,4.078,4.078
2021-08-11,4.085,4.09,4.085,4.09
2021-08-10,4.075,4.078,4.075,4.078
2021-08-09,4.108,4.108,4.108,4.108
2021-08-06,4.095,4.095,4.095,4.095
2021-08-05,4.068,4.07,4.065,4.065
2021-08-04,4.0545,4.0545,4.0535,4.0535
2021-07-30,3.9247,3.9247,3.9247,3.9247
2021-07-29,3.9247,3.9247,3.9247,3.9247
2021-07-28,3.9248,3.925,3.9144,3.9247
2021-07-27,3.9063,3.925,3.9063,3.924
2021-07-26,3.9144,3.9248,3.902,3.9058
2021-07-23,3.9282,3.9291,3.9031,3.9144
2021-07-22,3.9437,3.9518,3.9132,3.9282
2021-07-21,3.9392,3.9547,3.933,3.9437
2021-07-20,3.9392,3.949,3.9392,3.9392
2021-07-19,3.9392,3.941,3.9392,3.9392
2021-07-16,3.9392,3.9392,3.9392,3.9392
2021-07-15,3.9392,3.96,3.9365,3.9392
2021-07-14,3.9392,3.9635,3.9392,3.9392
2021-07-13,3.9392,3.975,3.9392,3.9392
2021-07-12,3.9392,3.9392,3.939,3.9392
2021-07-09,3.9392,3.96,3.9385,3.9392
2021-07-08,3.9392,3.9725,3.9392,3.9392
2021-07-07,3.9392,3.96,3.9392,3.9392
2021-07-06,3.9191,3.9548,3.9191,3.9392
2021-07-05,3.8898,3.9287,3.8822,3.9191
2021-07-02,3.8573,3.9058,3.8573,3.8898
2021-07-01,3.8394,3.8748,3.8336,3.8573
2021-06-30,3.8836,3.884,3.8194,3.8395
2021-06-29,3.8835,3.9751,3.8754,3.8836
2021-06-28,3.9715,3.9752,3.8757,3.8834
2021-06-25,3.9834,3.9848,3.9638,3.9715
2021-06-24,3.9786,3.9868,3.9544,3.9835
2021-06-23,3.9785,3.9796,3.9595,3.9785
2021-06-22,3.9515,3.9788,3.9514,3.9786
2021-06-21,3.9496,3.966,3.9392,3.9514
2021-06-18,3.9155,3.9526,3.9095,3.9495
2021-06-17,3.9005,3.9207,3.8894,3.9154
2021-06-16,3.8718,3.9078,3.8696,3.9006
2021-06-15,3.777,3.932,3.777,3.777
2021-06-14,3.777,3.909,3.777,3.777
2021-06-11,3.777,3.904,3.777,3.777
2021-06-10,3.777,3.8925,3.777,3.8925
2021-06-09,3.777,3.939,3.777,3.847
2021-06-08,3.777,3.9115,3.777,3.777
2021-06-07,3.777,3.841,3.777,3.777
2021-06-04,3.869,3.869,3.777,3.828
2021-06-03,3.777,3.777,3.777,3.777
2021-06-02,3.777,3.868,3.777,3.777
2021-06-01,3.777,3.861,3.777,3.861
2021-05-31,3.777,3.777,3.777,3.777
2021-05-28,3.777,3.809,3.768,3.809
2021-05-27,3.777,3.863,3.777,3.777
2021-05-26,3.82,3.852,3.777,3.852
2021-05-25,3.777,3.829,3.777,3.777
2021-05-24,3.777,3.8095,3.777,3.777
2021-05-21,3.777,3.777,3.738,3.777
2021-05-20,3.777,3.777,3.743,3.777
2021-05-19,3.777,3.777,3.743,3.743
2021-05-18,3.777,3.777,3.7134,3.777
2021-05-17,3.777,3.777,3.713,3.777
2021-05-14,3.657,3.777,3.657,3.777
2021-05-13,3.777,3.777,3.673,3.777
2021-05-12,3.777,3.777,3.674,3.777
2021-05-11,3.777,3.777,3.676,3.7
2021-05-10,3.777,3.777,3.717,3.777
2021-05-07,3.777,3.816,3.777,3.777
2021-05-06,3.777,3.822,3.777,3.777
2021-05-05,3.777,3.83,3.777,3.777
2021-05-04,3.777,3.832,3.777,3.777
2021-05-03,3.7848,3.815,3.777,3.777
2021-04-30,3.7845,3.7974,3.7708,3.7848
2021-04-29,3.7685,3.7948,3.7596,3.7846
2021-04-28,3.8384,3.8396,3.7676,3.7686
2021-04-27,3.8376,3.8449,3.8237,3.8385
2021-04-26,3.7868,3.8426,3.7778,3.8375
2021-04-23,3.7546,3.7788,3.7395,3.7785
2021-04-22,3.7087,3.7706,3.7013,3.7547
2021-04-21,3.6897,3.7089,3.6822,3.7086
2021-04-20,3.6717,3.6899,3.6596,3.6896
2021-04-19,3.6326,3.6879,3.6249,3.6716
2021-04-16,3.6247,3.6357,3.6145,3.6326
2021-04-15,3.6474,3.6474,3.62,3.6246
2021-04-14,3.6474,3.6474,3.6265,3.6474
2021-04-13,3.6474,3.6474,3.611,3.6474
2021-04-12,3.6474,3.654,3.618,3.6474
2021-04-09,3.6474,3.6474,3.6474,3.6474
2021-04-08,3.6474,3.6474,3.6474,3.6474
2021-04-07,3.6474,3.6474,3.6474,3.6474
2021-04-06,3.6474,3.6474,3.6474,3.6474
2021-04-05,3.6474,3.6474,3.6474,3.6474
2021-04-02,3.6474,3.741,3.6474,3.6474
2021-04-01,3.6474,3.735,3.6474,3.735
2021-03-31,3.6474,3.77,3.6474,3.6474
2021-03-30,3.6474,3.7638,3.6474,3.6474
2021-03-29,3.6474,3.749,3.6474,3.6474
2021-03-26,3.6474,3.739,3.6474,3.6474
2021-03-25,3.6474,3.735,3.6474,3.735
2021-03-24,3.6474,3.724,3.6474,3.6474
2021-03-23,3.6474,3.719,3.6474,3.719
2021-03-22,3.6474,3.723,3.6474,3.6474
2021-03-19,3.6474,3.715,3.6474,3.6474
2021-03-18,3.6474,3.707,3.6474,3.707
2021-03-17,3.6474,3.705,3.6474,3.6474
2021-03-16,3.702,3.704,3.6474,3.698
2021-03-15,3.6474,3.6474,3.6474,3.6474
2021-03-12,3.6474,3.708,3.6474,3.708
2021-03-11,3.6474,3.693,3.6474,3.6474
2021-03-10,3.6474,3.692,3.6474,3.6474
2021-03-09,3.701,3.702,3.6474,3.697
2021-03-08,3.6474,3.703,3.6474,3.6474
2021-03-05,3.6474,3.6895,3.6474,3.6474
2021-03-04,3.6474,3.681,3.6474,3.681
2021-03-03,3.6474,3.677,3.6474,3.6474
2021-03-02,3.6555,3.665,3.6474,3.665
2021-03-01,3.6474,3.655,3.6474,3.655
2021-02-26,3.6473,3.651,3.6419,3.6474
2021-02-25,3.6434,3.6484,3.6413,3.6474
2021-02-24,3.6516,3.6528,3.6404,3.6435
2021-02-23,3.6516,3.6528,3.6408,3.6515
2021-02-22,3.6497,3.6556,3.6442,3.6515
2021-02-19,3.6504,3.6545,3.6442,3.6505
2021-02-18,3.6505,3.6507,3.6433,3.6505
2021-02-17,3.6515,3.6566,3.6444,3.6506
2021-02-16,3.6435,3.652,3.6345,3.6514
2021-02-15,3.6423,3.6447,3.6344,3.6434
2021-02-12,3.6395,3.6466,3.6322,3.6428
2021-02-11,3.6366,3.6398,3.6283,3.6396
2021-02-10,3.6375,3.6386,3.6336,3.6365
2021-02-09,3.6405,3.642,3.5994,3.6376
2021-02-08,3.5994,3.64,3.5994,3.5994
2021-02-05,3.5994,3.643,3.5994,3.5994
2021-02-04,3.5994,3.643,3.5994,3.5994
2021-02-03,3.5994,3.64,3.5994,3.5994
2021-02-02,3.5994,3.635,3.5994,3.5994
2021-02-01,3.5994,3.639,3.5994,3.5994
2021-01-29,3.5994,3.636,3.5994,3.636
2021-01-28,3.5994,3.642,3.5994,3.5994
2021-01-27,3.5994,3.651,3.5994,3.5994
2021-01-26,3.5994,3.6445,3.5994,3.6425
2021-01-25,3.5994,3.645,3.5994,3.5994
2021-01-22,3.5994,3.6335,3.5994,3.5994
2021-01-21,3.5994,3.6215,3.5994,3.5994
2021-01-20,3.5994,3.6145,3.5994,3.5994
2021-01-19,3.5994,3.613,3.5994,3.5994
2021-01-18,3.5994,3.5994,3.5994,3.5994
2021-01-15,3.5994,3.609,3.5994,3.5994
2021-01-14,3.5994,3.6085,3.5994,3.6085
2021-01-13,3.5994,3.614,3.5994,3.613
2021-01-12,3.5994,3.6036,3.5994,3.5994
2021-01-11,3.5994,3.616,3.5994,3.61
2021-01-08,3.5994,3.62,3.5994,3.62
2021-01-07,3.5994,3.624,3.5994,3.5994
2021-01-06,3.5994,3.626,3.5994,3.5994
2021-01-05,3.5994,3.627,3.5994,3.5994
2021-01-04,3.5994,3.627,3.5994,3.5994
2021-01-01,3.5994,3.5994,3.5994,3.5994
2020-12-31,3.5994,3.619,3.5994,3.5994
2020-12-30,3.5994,3.6175,3.5994,3.5994
2020-12-29,3.6165,3.6165,3.5994,3.5994
2020-12-28,3.5994,3.614,3.5994,3.5994
2020-12-25,3.6024,3.6024,3.6024,3.6024
2020-12-24,3.607,3.6126,3.5994,3.6024
2020-12-23,3.6113,3.6166,3.6042,3.6066
2020-12-22,3.6044,3.6194,3.5971,3.6114
2020-12-21,3.5943,3.6074,3.5874,3.6043
2020-12-18,3.5858,3.5988,3.5793,3.5943
2020-12-17,3.5865,3.5898,3.5793,3.5858
2020-12-16,3.5845,3.594,3.5775,3.5864
2020-12-15,3.5874,3.5947,3.5771,3.5844
2020-12-14,3.5897,3.5897,3.5794,3.5875
2020-12-11,3.5925,3.6035,3.5842,3.5897
2020-12-10,3.5984,3.6067,3.5895,3.5926
2020-12-09,3.5937,3.5937,3.5937,3.5937
2020-12-08,3.6024,3.6025,3.504,3.5937
2020-12-07,3.5863,3.6037,3.579,3.6025
2020-12-04,3.5902,3.5953,3.5823,3.5863
2020-12-03,3.6083,3.6085,3.5802,3.5831
2020-12-02,3.6084,3.6086,3.5943,3.6084
2020-12-01,3.6053,3.6084,3.5893,3.6083
2020-11-30,3.5944,3.6088,3.5941,3.6054
2020-11-27,3.6016,3.6066,3.5943,3.6016
2020-11-26,3.6026,3.6056,3.6016,3.6016
2020-11-25,3.6076,3.6104,3.6012,3.6026
2020-11-24,3.6026,3.6096,3.5959,3.6076
2020-11-23,3.5943,3.6036,3.5871,3.6026
2020-11-20,3.5753,3.5946,3.5642,3.5943
2020-11-19,3.5693,3.5773,3.5612,3.5752
2020-11-18,3.6013,3.6115,3.5592,3.5692
2020-11-17,3.6623,3.6623,3.5992,3.6013
2020-11-16,3.6416,3.6673,3.634,3.6622
2020-11-13,3.6393,3.6504,3.6293,3.6403
2020-11-12,3.6213,3.641,3.6093,3.6394
2020-11-11,3.6224,3.6224,3.6223,3.6224
2020-11-10,3.5803,3.6303,3.5693,3.6223
2020-11-09,3.5896,3.5896,3.5734,3.5803
2020-11-06,3.5934,3.6033,3.5862,3.5896
2020-11-05,3.5993,3.6004,3.5743,3.5933
2020-11-04,3.5902,3.6028,3.5832,3.5994
2020-11-03,3.6143,3.6143,3.5873,3.5903
2020-11-02,3.613,3.6145,3.6021,3.6142
2020-10-30,3.6103,3.6145,3.5992,3.613
2020-10-29,3.6113,3.6125,3.6031,3.6102
2020-10-28,3.6063,3.6175,3.5984,3.6112
2020-10-27,3.6032,3.6085,3.5892,3.6062
2020-10-26,3.5963,3.6043,3.5889,3.6033
2020-10-23,3.6013,3.6072,3.5922,3.5963
2020-10-22,3.5963,3.6041,3.5893,3.6012
2020-10-21,3.5913,3.6003,3.5893,3.5963
2020-10-20,3.588,3.5985,3.5792,3.5913
2020-10-19,3.582,3.5922,3.565,3.588
2020-10-16,3.5803,3.5852,3.5592,3.582
2020-10-15,3.5875,3.5915,3.5747,3.5802
2020-10-14,3.5833,3.5924,3.578,3.5875
2020-10-13,3.5853,3.6046,3.5777,3.5833
2020-10-12,3.5761,3.5982,3.5761,3.5853
2020-10-09,3.5793,3.5796,3.5493,3.5761
2020-10-08,3.5683,3.5834,3.5624,3.5794
2020-10-07,3.5824,3.592,3.5594,3.5684
2020-10-06,3.6173,3.6173,3.5621,3.5823
2020-10-05,3.6173,3.6215,3.588,3.588
2020-10-02,3.6054,3.6266,3.5981,3.6173
2020-10-01,3.6014,3.6086,3.5843,3.6053
2020-09-30,3.5973,3.6023,3.5963,3.6013
2020-09-29,3.5883,3.5976,3.5784,3.5974
2020-09-28,3.5782,3.5946,3.262,3.5883
2020-09-25,3.5526,3.595,3.5526,3.586
2020-09-24,3.5526,3.579,3.5526,3.5526
2020-09-23,3.5526,3.569,3.5475,3.5526
2020-09-22,3.548,3.5586,3.5476,3.5526
2020-09-21,3.5237,3.5516,3.5236,3.549
2020-09-18,3.5214,3.5275,3.5144,3.5224
2020-09-17,3.5255,3.539,3.5194,3.5215
2020-09-16,3.5464,3.547,3.5245,3.5254
2020-09-15,3.5595,3.5595,3.5394,3.5465
2020-09-14,3.5714,3.5714,3.5575,3.5594
2020-09-11,3.5435,3.5755,3.5435,3.5714
2020-09-10,3.5364,3.5475,3.5244,3.5435
2020-09-09,3.5404,3.5434,3.5194,3.5365
2020-09-08,3.5354,3.5516,3.5294,3.5405
2020-09-07,3.5254,3.5387,3.5254,3.5355
2020-09-04,3.5495,3.5565,3.5244,3.5254
2020-09-03,3.5343,3.5495,3.5244,3.5494
2020-09-02,3.5263,3.5345,3.5242,3.5342
2020-09-01,3.5413,3.5413,3.5182,3.5262
2020-08-31,3.5322,3.5493,3.5322,3.5412
2020-08-28,3.5622,3.5623,3.5254,3.5322
2020-08-27,3.5692,3.5791,3.5572,3.5622
2020-08-26,3.5855,3.5909,3.5644,3.5693
2020-08-25,3.5845,3.5947,3.5714,3.5854
2020-08-24,3.5824,3.5847,3.5744,3.5844
2020-08-21,3.5763,3.5865,3.5694,3.5824
2020-08-20,3.5613,3.5775,3.5612,3.5762
2020-08-19,3.5652,3.5744,3.5528,3.5613
2020-08-18,3.5773,3.5796,3.5642,3.5653
2020-08-17,3.5702,3.5793,3.5692,3.5772
2020-08-14,3.5692,3.5792,3.5642,3.5702
2020-08-13,3.5656,3.5743,3.5592,3.5693
2020-08-12,3.5596,3.5718,3.5495,3.5656
2020-08-11,3.5516,3.5636,3.5346,3.5595
2020-08-10,3.5516,3.561,3.5516,3.5516
2020-08-07,3.5416,3.5528,3.5345,3.5516
2020-08-06,3.5435,3.5516,3.5345,3.5415
2020-08-05,3.5507,3.551,3.5397,3.5436
2020-08-04,3.5407,3.5528,3.5347,3.5508
2020-08-03,3.5317,3.5468,3.5247,3.5408
2020-07-31,3.513,3.5328,3.5107,3.5317
2020-07-30,3.4977,3.5208,3.4947,3.513
2020-07-29,3.514,3.5186,3.4977,3.4977
2020-07-28,3.514,3.514,3.5135,3.514
2020-07-27,3.5325,3.533,3.5078,3.514
2020-07-24,3.5178,3.5368,3.5178,3.5325
2020-07-23,3.506,3.524,3.4994,3.5178
2020-07-22,3.492,3.511,3.492,3.506
2020-07-21,3.5025,3.5025,3.481,3.492
2020-07-20,3.5167,3.5218,3.5007,3.5025
2020-07-17,3.5037,3.5187,3.4797,3.5167
2020-07-16,3.4937,3.504,3.4897,3.5038
2020-07-15,3.4977,3.5018,3.4747,3.4938
2020-07-14,3.4967,3.504,3.4967,3.4978
2020-07-13,3.5018,3.502,3.4917,3.4968
2020-07-10,3.4998,3.5098,3.4947,3.5018
2020-07-09,3.5197,3.5308,3.413,3.4998
2020-07-08,3.5368,3.5447,3.5197,3.5198
2020-07-07,3.5437,3.5498,3.5358,3.5367
2020-07-06,3.5387,3.5528,3.5347,3.5438
2020-07-03,3.5208,3.539,3.5098,3.5387
2020-07-02,3.5278,3.5278,3.498,3.5207
2020-07-01,3.5408,3.5433,3.5198,3.5277
2020-06-30,3.5265,3.5487,3.5117,3.5407
2020-06-29,3.5278,3.528,3.525,3.5265
2020-06-26,3.5028,3.5288,3.5016,3.5277
2020-06-25,3.5018,3.514,3.4997,3.5027
2020-06-24,3.5018,3.534,3.5018,3.5018
2020-06-23,3.5018,3.5218,3.5003,3.5018
2020-06-22,3.5,3.5048,3.4806,3.5018
2020-06-19,3.5202,3.5221,3.4965,3.5
2020-06-18,3.4965,3.5203,3.4964,3.5203
2020-06-17,3.479,3.4995,3.4677,3.4964
2020-06-16,3.4586,3.4775,3.4394,3.4697
2020-06-15,3.4586,3.4875,3.4586,3.4586
2020-06-12,3.4586,3.464,3.4586,3.4586
2020-06-11,3.4244,3.4637,3.4244,3.4587
2020-06-10,3.4422,3.4425,3.4177,3.4245
2020-06-09,3.4345,3.4513,3.4292,3.4423
2020-06-08,3.4296,3.446,3.4228,3.4346
2020-06-05,3.4288,3.4376,3.4045,3.4296
2020-06-04,3.4013,3.4245,3.3998,3.4245
2020-06-03,3.395,3.4015,3.3763,3.4012
2020-06-02,3.4165,3.4165,3.3913,3.395
2020-06-01,3.4283,3.4285,3.4102,3.4165
2020-05-29,3.4348,3.4363,3.422,3.4283
2020-05-28,3.4475,3.4497,3.4284,3.4348
2020-05-27,3.4323,3.4562,3.432,3.447
2020-05-26,3.4256,3.4343,3.4092,3.4323
2020-05-25,3.4198,3.4308,3.4195,3.4256
2020-05-22,3.4078,3.4336,3.4078,3.4198
2020-05-21,3.4008,3.4126,3.3895,3.4078
2020-05-20,3.425,3.425,3.3978,3.401
2020-05-19,3.4245,3.429,3.424,3.425
2020-05-18,3.4352,3.4352,3.4143,3.4245
2020-05-15,3.4472,3.4475,3.4285,3.4352
2020-05-14,3.4383,3.4572,3.4375,3.4473
2020-05-13,3.4322,3.4403,3.4242,3.4383
2020-05-12,3.4142,3.437,3.4025,3.4323
2020-05-11,3.4063,3.4283,3.4025,3.4143
2020-05-08,3.4013,3.4065,3.3855,3.4063
2020-05-07,3.4112,3.4125,3.3965,3.4012
2020-05-06,3.4015,3.4145,3.4005,3.4113
2020-05-05,3.3833,3.3923,3.3725,3.3922
2020-05-04,3.3715,3.3923,3.3715,3.3832
2020-05-01,3.3715,3.372,3.371,3.3715
2020-04-30,3.3653,3.3815,3.365,3.3715
2020-04-29,3.3863,3.3863,3.3601,3.3652
2020-04-28,3.3963,3.398,3.3692,3.3862
2020-04-27,3.3945,3.4013,3.3835,3.3962
2020-04-24,3.3712,3.3965,3.3642,3.3945
2020-04-23,3.3703,3.3762,3.3375,3.3713
2020-04-22,3.3842,3.3903,3.3525,3.3702
2020-04-21,3.4012,3.4203,3.3542,3.3842
2020-04-20,3.4045,3.4115,3.4,3.4013
2020-04-17,3.4122,3.4123,3.3843,3.4045
2020-04-16,3.4072,3.4223,3.4,3.4123
2020-04-15,3.3932,3.4263,3.3912,3.4073
2020-04-14,3.3852,3.4082,3.3727,3.3933
2020-04-13,3.3675,3.3901,3.341,3.3853
2020-04-10,3.3685,3.369,3.3675,3.3675
2020-04-09,3.3693,3.3695,3.368,3.3685
2020-04-08,3.3622,3.37,3.3352,3.3693
2020-04-07,3.3892,3.3892,3.3542,3.3623
2020-04-06,3.4555,3.458,3.3892,3.3892
2020-04-03,3.4392,3.4612,3.4364,3.4555
2020-04-02,3.4642,3.4693,3.4288,3.4393
2020-04-01,3.4302,3.4743,3.4248,3.4643
2020-03-31,3.434,3.4413,3.422,3.4303
2020-03-30,3.4075,3.4453,3.4075,3.434
2020-03-27,3.3953,3.4393,3.3952,3.4075
2020-03-26,3.4753,3.4772,3.3775,3.3952
2020-03-25,3.5182,3.5325,3.4543,3.4752
2020-03-24,3.5312,3.5325,3.502,3.5183
2020-03-23,3.5272,3.5443,3.507,3.5313
2020-03-20,3.5532,3.5593,3.4942,3.5272
2020-03-19,3.5713,3.5753,3.5512,3.5533
2020-03-18,3.5423,3.5733,3.522,3.5712
2020-03-17,3.5513,3.5571,3.526,3.5422
2020-03-16,3.5192,3.5593,3.5185,3.5512
2020-03-13,3.5263,3.5373,3.5153,3.5192
2020-03-12,3.5163,3.5583,3.5155,3.5262
2020-03-11,3.5002,3.5165,3.4962,3.5162
2020-03-10,3.5042,3.5043,3.4852,3.5003
2020-03-09,3.4693,3.5116,3.4685,3.5043
2020-03-06,3.4582,3.4833,3.4582,3.4693
2020-03-05,3.4173,3.46,3.4172,3.4583
2020-03-04,3.4223,3.4323,3.4102,3.4172
2020-03-03,3.4345,3.4453,3.4113,3.4222
2020-03-02,3.4524,3.47,3.4303,3.4345
2020-02-28,3.4325,3.4583,3.4325,3.4524
2020-02-27,3.4095,3.4363,3.4051,3.4325
2020-02-26,3.4075,3.4153,3.4025,3.4095
2020-02-25,3.4035,3.4095,3.3953,3.4075
2020-02-24,3.3845,3.4063,3.3845,3.4035
2020-02-21,3.3885,3.3993,3.3789,3.3845
2020-02-20,3.3805,3.3943,3.3805,3.3885
2020-02-19,3.3805,3.3855,3.3773,3.3805
2020-02-18,3.3739,3.3863,3.3739,3.3805
2020-02-17,3.3729,3.3825,3.3729,3.3739
2020-02-14,3.3825,3.3835,3.3743,3.3775
2020-02-13,3.378,3.3873,3.3773,3.3825
2020-02-12,3.3865,3.3865,3.3743,3.378
2020-02-11,3.3925,3.3925,3.3843,3.3865
2020-02-10,3.387,3.3983,3.387,3.3915
2020-02-07,3.3743,3.3903,3.3743,3.387
2020-02-06,3.3603,3.3793,3.3603,3.3743
2020-02-05,3.3513,3.3633,3.3479,3.3603
2020-02-04,3.3689,3.3689,3.3519,3.3605
2020-02-03,3.3825,3.3825,3.3649,3.3689
2020-01-31,3.366,3.3835,3.366,3.3825
2020-01-30,3.3435,3.3725,3.3435,3.365
2020-01-29,3.336,3.3483,3.336,3.343
2020-01-28,3.3295,3.3383,3.3223,3.336
2020-01-27,3.3205,3.3433,3.32,3.3295
2020-01-24,3.317,3.3253,3.3093,3.3205
2020-01-23,3.3115,3.3253,3.3094,3.317
2020-01-22,3.3145,3.3153,3.3094,3.3115
2020-01-21,3.3155,3.3195,3.3119,3.3145
2020-01-20,3.3205,3.3233,3.3135,3.3155
2020-01-17,3.3215,3.3223,3.3143,3.3205
2020-01-16,3.3225,3.3263,3.3143,3.3215
2020-01-15,3.3195,3.3275,3.3173,3.3225
2020-01-14,3.3305,3.3305,3.319,3.3195
2020-01-13,3.33,3.38,3.3283,3.3305
2020-01-10,3.3165,3.36,3.3139,3.33
2020-01-09,3.3125,3.3223,3.3093,3.318
2020-01-08,3.3195,3.3245,3.3109,3.3125
2020-01-07,3.3235,3.3333,3.317,3.3195
2020-01-06,3.3135,3.3283,3.3135,3.3235
2020-01-03,3.2965,3.3145,3.2965,3.3135
2020-01-02,3.3105,3.3105,3.294,3.2965
2020-01-01,3.3105,3.3105,3.3105,3.3105
2019-12-31,3.3135,3.3163,3.2993,3.3105
2019-12-30,3.3125,3.3183,3.3053,3.3135
2019-12-27,3.3185,3.3285,3.3125,3.3125
2019-12-26,3.3133,3.3223,3.3128,3.3185
2019-12-25,3.3125,3.3125,3.3125,3.3125
2019-12-24,3.3165,3.3165,3.3085,3.3125
2019-12-23,3.3125,3.3253,3.3053,3.3165
2019-12-20,3.332,3.3343,3.3077,3.3125
2019-12-19,3.337,3.3423,3.3264,3.3325
2019-12-18,3.3385,3.3443,3.3274,3.337
2019-12-17,3.3505,3.3505,3.3363,3.3385
2019-12-16,3.3594,3.3616,3.3489,3.3505
2019-12-13,3.3734,3.3773,3.3584,3.3594
2019-12-12,3.3905,3.3963,3.3734,3.3734
2019-12-11,3.3965,3.3965,3.3865,3.3905
2019-12-10,3.372,3.3993,3.372,3.3965
2019-12-09,3.3765,3.3803,3.372,3.372
2019-12-06,3.3775,3.3793,3.3623,3.3765
2019-12-05,3.378,3.3785,3.3643,3.378
2019-12-04,3.3875,3.3885,3.3783,3.3885
2019-12-03,3.3895,3.3945,3.3802,3.3875
2019-12-02,3.4004,3.4053,3.3893,3.3895
2019-11-29,3.3935,3.4053,3.3884,3.4004
2019-11-28,3.3835,3.3943,3.3835,3.3935
2019-11-27,3.3825,3.3955,3.3793,3.3835
2019-11-26,3.3815,3.3863,3.3763,3.3825
2019-11-25,3.3875,3.3925,3.3815,3.3815
2019-11-22,3.373,3.3933,3.3683,3.3875
2019-11-21,3.3815,3.386,3.3703,3.373
2019-11-20,3.3755,3.3883,3.3743,3.3815
2019-11-19,3.371,3.3823,3.3653,3.3755
2019-11-18,3.3615,3.3733,3.3613,3.371
2019-11-15,3.386,3.386,3.3593,3.3615
2019-11-14,3.3875,3.3953,3.3803,3.386
2019-11-13,3.38,3.3973,3.3775,3.3875
2019-11-12,3.3605,3.3855,3.3605,3.38
2019-11-11,3.3575,3.3663,3.3493,3.3605
2019-11-08,3.3425,3.3585,3.3385,3.3575
2019-11-07,3.3365,3.3513,3.3293,3.3425
2019-11-06,3.3365,3.3433,3.3273,3.3365
2019-11-05,3.3325,3.3435,3.3293,3.3365
2019-11-04,3.3435,3.3463,3.3293,3.3325
2019-11-01,3.3435,3.3435,3.3435,3.3435
2019-10-31,3.3415,3.3445,3.3415,3.3435
2019-10-30,3.3355,3.3533,3.3355,3.3415
2019-10-29,3.332,3.3393,3.3243,3.3355
2019-10-28,3.337,3.337,3.3263,3.332
2019-10-25,3.349,3.3515,3.3343,3.337
2019-10-24,3.3435,3.3515,3.3393,3.349
2019-10-23,3.3485,3.3485,3.3363,3.3435
2019-10-22,3.336,3.3485,3.3293,3.3485
2019-10-21,3.3345,3.3493,3.3343,3.336
2019-10-18,3.3485,3.3523,3.3343,3.3345
2019-10-17,3.3605,3.3605,3.3463,3.3485
2019-10-16,3.3645,3.3733,3.3605,3.3605
2019-10-15,3.3665,3.3743,3.3565,3.3645
2019-10-14,3.3565,3.3703,3.3543,3.3665
2019-10-11,3.3645,3.3645,3.3479,3.3565
2019-10-10,3.3645,3.3726,3.3513,3.3645
2019-10-09,3.3825,3.3825,3.3645,3.3645
2019-10-08,3.3825,3.3825,3.38,3.3825
2019-10-07,3.3765,3.3883,3.3765,3.3825
2019-10-04,3.3725,3.3813,3.3643,3.3765
2019-10-03,3.3864,3.3864,3.3651,3.3725
2019-10-02,3.3875,3.3923,3.3753,3.3864
2019-10-01,3.3685,3.3983,3.3685,3.3875
2019-09-30,3.3795,3.3905,3.3685,3.3685
2019-09-27,3.3815,3.3903,3.3739,3.3795
2019-09-26,3.3495,3.3843,3.3435,3.3815
2019-09-25,3.3395,3.3519,3.3393,3.3495
2019-09-24,3.3545,3.3545,3.3395,3.3395
2019-09-23,3.3565,3.3683,3.3518,3.3545
2019-09-20,3.3525,3.3623,3.3493,3.3565
2019-09-19,3.3495,3.3563,3.3473,3.3525
2019-09-18,3.3375,3.3513,3.3293,3.3495
2019-09-17,3.3315,3.3493,3.3293,3.3375
2019-09-16,3.3195,3.3325,3.3183,3.3315
2019-09-13,3.3235,3.324,3.3078,3.3195
2019-09-12,3.3375,3.3375,3.3187,3.3235
2019-09-11,3.3425,3.3473,3.3343,3.3375
2019-09-10,3.3485,3.3515,3.3377,3.3425
2019-09-09,3.3415,3.3485,3.331,3.3485
2019-09-06,3.3625,3.3625,3.3343,3.3415
2019-09-05,3.3775,3.3775,3.3553,3.3625
2019-09-04,3.4035,3.4035,3.3773,3.3775
2019-09-03,3.4045,3.405,3.3985,3.4035
2019-09-02,3.3895,3.4045,3.3863,3.4045
2019-08-30,3.3925,3.3925,3.33,3.3895
2019-08-29,3.3995,3.4,3.2993,3.3925
2019-08-28,3.3925,3.401,3.3875,3.3995
2019-08-27,3.3815,3.3953,3.3693,3.3925
2019-08-26,3.3745,3.3843,3.3703,3.3815
2019-08-23,3.3735,3.3783,3.3669,3.3745
2019-08-22,3.3755,3.3816,3.3693,3.3735
2019-08-21,3.3815,3.3815,3.3702,3.3755
2019-08-20,3.3855,3.3855,3.3758,3.3815
2019-08-19,3.3775,3.3875,3.3739,3.3855
2019-08-16,3.3905,3.3905,3.3752,3.3775
2019-08-15,3.3955,3.3955,3.384,3.3905
2019-08-14,3.3835,3.3978,3.3799,3.3955
2019-08-13,3.3805,3.3835,3.3704,3.3835
2019-08-12,3.3795,3.3955,3.3748,3.3805
2019-08-09,3.3725,3.3846,3.3725,3.3845
2019-08-08,3.3825,3.3865,3.37,3.3725
2019-08-07,3.3825,3.388,3.378,3.388
2019-08-06,3.3835,3.385,3.3695,3.3825
2019-08-05,3.3535,3.3919,3.3465,3.3835
2019-08-02,3.3121,3.3545,3.3121,3.3535
2019-08-01,3.3015,3.3121,3.3005,3.3121
2019-07-31,3.2855,3.3065,3.2855,3.3015
2019-07-30,3.2965,3.2965,3.2855,3.287
2019-07-29,3.297,3.2975,3.2866,3.2965
2019-07-26,3.295,3.2995,3.2861,3.2972
2019-07-25,3.2883,3.2995,3.283,3.295
2019-07-24,3.2873,3.2935,3.2826,3.2883
2019-07-23,3.2835,3.2935,3.2771,3.285
2019-07-22,3.2805,3.2887,3.27,3.2835
2019-07-19,3.2822,3.2845,3.2703,3.2805
2019-07-18,3.2837,3.2875,3.2751,3.2822
2019-07-17,3.2828,3.289,3.2813,3.289
2019-07-16,3.2825,3.289,3.2804,3.2828
2019-07-15,3.2805,3.289,3.2785,3.2825
2019-07-12,3.2822,3.2835,3.2735,3.2805
2019-07-11,3.283,3.2845,3.2808,3.2822
2019-07-10,3.29,3.295,3.2792,3.283
2019-07-09,3.29,3.2955,3.2833,3.29
2019-07-08,3.287,3.29,3.2829,3.29
2019-07-05,3.287,3.299,3.2865,3.287
2019-07-04,3.2905,3.2965,3.2848,3.287
2019-07-03,3.2865,3.2975,3.2865,3.2905
2019-07-02,3.2875,3.2935,3.2832,3.2865
2019-07-01,3.284,3.299,3.2831,3.2875
2019-06-28,3.2885,3.2946,3.2819,3.284
2019-06-27,3.3017,3.3017,3.2852,3.2885
2019-06-26,3.293,3.3019,3.2892,3.3017
2019-06-25,3.2967,3.3035,3.2887,3.2945
2019-06-24,3.3,3.3005,3.2938,3.2967
2019-06-21,3.3057,3.308,3.2957,3.3
2019-06-20,3.331,3.331,3.3049,3.309
2019-06-19,3.3345,3.3345,3.3253,3.331
2019-06-18,3.346,3.346,3.3312,3.3345
2019-06-17,3.3418,3.3505,3.3395,3.346
2019-06-14,3.3305,3.3455,3.327,3.3418
2019-06-13,3.3293,3.3335,3.3238,3.3305
2019-06-12,3.3295,3.3317,3.3251,3.3293
2019-06-11,3.33,3.334,3.3222,3.3295
2019-06-10,3.333,3.336,3.3237,3.33
2019-06-07,3.3395,3.3395,3.3205,3.333
2019-06-06,3.3465,3.3465,3.3272,3.3395
2019-06-05,3.347,3.3546,3.339,3.3465
2019-06-04,3.356,3.3626,3.3418,3.347
2019-06-03,3.3762,3.3792,3.3555,3.3555
2019-05-31,3.359,3.3807,3.359,3.3762
2019-05-30,3.3535,3.3645,3.3507,3.359
2019-05-29,3.3473,3.3575,3.3473,3.3535
2019-05-28,3.3415,3.3555,3.3415,3.3473
2019-05-27,3.3415,3.3515,3.3415,3.3415
2019-05-24,3.3455,3.347,3.3385,3.342
2019-05-23,3.3425,3.3515,3.3405,3.3455
2019-05-22,3.3433,3.3485,3.3362,3.3425
2019-05-21,3.335,3.3519,3.3349,3.3433
2019-05-20,3.3295,3.3465,3.3255,3.335
2019-05-17,3.3135,3.33,3.3122,3.3295
2019-05-16,3.3175,3.3188,3.3106,3.3135
2019-05-15,3.32,3.3275,3.311,3.3175
2019-05-14,3.323,3.3259,3.3095,3.32
2019-05-13,3.311,3.3335,3.3101,3.323
2019-05-10,3.311,3.3195,3.3075,3.311
2019-05-09,3.3085,3.3305,3.3085,3.311
2019-05-08,3.3095,3.3155,3.3077,3.3085
2019-05-07,3.3095,3.3155,3.3021,3.3095
2019-05-06,3.3005,3.3118,3.2964,3.3095
2019-05-03,3.3155,3.3155,3.2938,3.3005
2019-05-02,3.3005,3.3175,3.2972,3.3155
2019-05-01,3.304,3.304,3.2972,3.3005
2019-04-30,3.313,3.313,3.3004,3.304
2019-04-29,3.3245,3.3245,3.3062,3.313
2019-04-26,3.3315,3.3315,3.3112,3.3245
2019-04-25,3.325,3.3332,3.319,3.3315
2019-04-24,3.3095,3.3275,3.3035,3.325
2019-04-23,3.3035,3.3115,3.2995,3.3095
2019-04-22,3.29,3.3055,3.2878,3.3035
2019-04-19,3.2907,3.291,3.2872,3.29
2019-04-18,3.2915,3.2925,3.2875,3.2907
2019-04-17,3.294,3.2975,3.2862,3.2915
2019-04-16,3.291,3.296,3.2894,3.294
2019-04-15,3.2915,3.2985,3.2894,3.291
2019-04-12,3.2914,3.2965,3.2881,3.2915
2019-04-11,3.2895,3.3005,3.2895,3.2895
2019-04-10,3.2872,3.2967,3.265,3.2895
2019-04-09,3.2873,3.2944,3.2784,3.2872
2019-04-08,3.296,3.296,3.2842,3.2873
2019-04-05,3.296,3.2975,3.2884,3.2927
2019-04-04,3.2953,3.3021,3.2904,3.296
2019-04-03,3.3093,3.3093,3.2885,3.2953
2019-04-02,3.3045,3.3124,3.2984,3.3093
2019-04-01,3.3145,3.317,3.3032,3.3045
2019-03-29,3.3153,3.3215,3.3133,3.3145
2019-03-28,3.3155,3.3205,3.3064,3.3153
2019-03-27,3.2955,3.3185,3.2955,3.3155
2019-03-26,3.2963,3.3065,3.2935,3.2955
2019-03-25,3.2943,3.3035,3.2935,3.2963
2019-03-22,3.294,3.3075,3.2865,3.2943
2019-03-21,3.2973,3.2973,3.2834,3.294
2019-03-20,3.2935,3.2998,3.2829,3.2973
2019-03-19,3.2935,3.3018,3.29,3.2935
2019-03-18,3.294,3.3008,3.266,3.2935
2019-03-15,3.291,3.2977,3.291,3.294
2019-03-14,3.295,3.3034,3.2888,3.291
2019-03-13,3.2985,3.2985,3.2825,3.2925
2019-03-12,3.3095,3.3095,3.2952,3.2985
2019-03-11,3.3135,3.3135,3.299,3.3095
2019-03-08,3.304,3.3163,3.3,3.3135
2019-03-07,3.3029,3.3121,3.3029,3.304
2019-03-06,3.3075,3.3102,3.3029,3.3029
2019-03-05,3.2995,3.3135,3.2995,3.3095
2019-03-04,3.305,3.3125,3.2995,3.2995
2019-03-01,3.3015,3.3092,3.2972,3.305
2019-02-28,3.295,3.3054,3.2918,3.3015
2019-02-27,3.304,3.3072,3.292,3.295
2019-02-26,3.302,3.3118,3.2989,3.3015
2019-02-25,3.304,3.308,3.298,3.302
2019-02-22,3.3195,3.3195,3.3032,3.304
2019-02-21,3.3195,3.3225,3.3125,3.3195
2019-02-20,3.3105,3.32,3.3105,3.32
2019-02-19,3.3315,3.3315,3.2995,3.31
2019-02-18,3.336,3.336,3.3315,3.3315
2019-02-15,3.336,3.3375,3.3245,3.336
2019-02-14,3.3365,3.3435,3.3275,3.336
2019-02-13,3.329,3.3395,3.3275,3.3365
2019-02-12,3.3177,3.3335,3.3177,3.329
2019-02-11,3.3197,3.3315,3.3122,3.3177
2019-02-08,3.3202,3.3235,3.318,3.3195
2019-02-07,3.3205,3.3235,3.3155,3.3202
2019-02-06,3.321,3.3275,3.3187,3.3187
2019-02-05,3.3245,3.3315,3.3207,3.3207
2019-02-04,3.3215,3.3295,3.3215,3.3245
2019-02-01,3.3304,3.333,3.3215,3.3225
2019-01-31,3.3477,3.3485,3.3304,3.3304
2019-01-30,3.3521,3.3595,3.3477,3.3477
2019-01-29,3.3536,3.3605,3.3506,3.3521
2019-01-28,3.3387,3.354,3.3387,3.354
2019-01-25,3.3437,3.3437,3.3385,3.3387
2019-01-24,3.3352,3.35,3.3352,3.3437
2019-01-23,3.3302,3.3395,3.3297,3.3352
2019-01-22,3.3265,3.3375,3.3227,3.3302
2019-01-21,3.3165,3.3285,3.3165,3.3265
2019-01-18,3.32,3.3215,3.3081,3.3165
2019-01-17,3.3268,3.3365,3.32,3.32
2019-01-16,3.3295,3.3335,3.3256,3.3268
2019-01-15,3.339,3.3405,3.3285,3.3295
2019-01-14,3.3432,3.3465,3.339,3.339
2019-01-11,3.3393,3.3465,3.3365,3.3432
2019-01-10,3.334,3.345,3.3275,3.3393
2019-01-09,3.3362,3.3375,3.3272,3.334
2019-01-08,3.347,3.3565,3.3362,3.3362
2019-01-07,3.3412,3.3545,3.3405,3.347
2019-01-04,3.364,3.3645,3.3412,3.3412
2019-01-03,3.3636,3.3735,3.3615,3.363
2019-01-02,3.3675,3.3725,3.3636,3.3636
2019-01-01,3.3675,3.3675,3.3675,3.3675
2018-12-31,3.3695,3.3785,3.3675,3.3675
2018-12-28,3.3661,3.3776,3.3611,3.3695
2018-12-27,3.3676,3.3776,3.3645,3.3661
2018-12-26,3.3515,3.3715,3.3515,3.3676
2018-12-25,3.3515,3.3515,3.3515,3.3515
2018-12-24,3.3545,3.3545,3.3485,3.3515
2018-12-21,3.3447,3.3595,3.3447,3.358
2018-12-20,3.347,3.3505,3.3343,3.3447
2018-12-19,3.3427,3.3525,3.3427,3.347
2018-12-18,3.3385,3.3485,3.3362,3.3427
2018-12-17,3.3415,3.3465,3.3352,3.3385
2018-12-14,3.3445,3.3575,3.3415,3.3415
2018-12-13,3.3536,3.3645,3.3445,3.3445
2018-12-12,3.3555,3.3605,3.3495,3.3536
2018-12-11,3.3635,3.3695,3.3555,3.3555
2018-12-10,3.3645,3.3775,3.3635,3.3635
2018-12-07,3.3725,3.3776,3.3615,3.3645
2018-12-06,3.3727,3.3825,3.3725,3.3725
2018-12-05,3.3766,3.3805,3.3727,3.3727
2018-12-04,3.374,3.3855,3.374,3.3766
2018-12-03,3.3815,3.3815,3.3689,3.374
2018-11-30,3.3755,3.3835,3.3755,3.3781
2018-11-29,3.3675,3.3815,3.3645,3.3755
2018-11-28,3.3742,3.3785,3.3675,3.3675
2018-11-27,3.3745,3.3835,3.3742,3.3742
2018-11-26,3.3775,3.3805,3.3732,3.3745
2018-11-23,3.3745,3.3785,3.3645,3.3775
2018-11-22,3.3716,3.3745,3.3695,3.374
2018-11-21,3.3825,3.3825,3.3712,3.3716
2018-11-20,3.3695,3.3835,3.3695,3.3825
2018-11-19,3.3696,3.3775,3.3695,3.3695
2018-11-16,3.3805,3.3815,3.3666,3.3696
2018-11-15,3.3848,3.3848,3.3775,3.3805
2018-11-14,3.3775,3.3865,3.3695,3.3848
2018-11-13,3.3725,3.3785,3.3696,3.3775
2018-11-12,3.369,3.3735,3.3595,3.3725
2018-11-09,3.363,3.3735,3.363,3.369
2018-11-08,3.3581,3.3705,3.358,3.363
2018-11-07,3.3684,3.3684,3.3581,3.3581
2018-11-06,3.3644,3.3715,3.3595,3.3684
2018-11-05,3.3487,3.3665,3.3471,3.3644
2018-11-02,3.3605,3.3605,3.3487,3.3487
2018-11-01,3.3663,3.3675,3.3605,3.3605
2018-10-31,3.3615,3.3705,3.3581,3.3663
2018-10-30,3.3501,3.3625,3.3465,3.3615
2018-10-29,3.3437,3.3545,3.3425,3.3501
2018-10-26,3.3379,3.3495,3.3371,3.3437
2018-10-25,3.3365,3.3445,3.3345,3.338
2018-10-24,3.3345,3.3425,3.3295,3.3365
2018-10-23,3.3273,3.3385,3.3273,3.3307
2018-10-22,3.3293,3.3335,3.3267,3.3273
2018-10-19,3.333,3.3335,3.3242,3.3293
2018-10-18,3.3307,3.3395,3.3295,3.333
2018-10-17,3.33,3.3355,3.3245,3.3307
2018-10-16,3.3325,3.3363,3.3265,3.33
2018-10-15,3.3335,3.3375,3.3292,3.3325
2018-10-12,3.3275,3.3355,3.325,3.3335
2018-10-11,3.328,3.3305,3.3189,3.328
2018-10-10,3.3224,3.3305,3.3212,3.328
2018-10-09,3.3185,3.3345,3.3185,3.3224
2018-10-08,3.3185,3.3185,3.3185,3.3185
2018-10-05,3.3265,3.3265,3.3121,3.3185
2018-10-04,3.322,3.3385,3.3145,3.3265
2018-10-03,3.3107,3.3235,3.3025,3.322
2018-10-02,3.306,3.3155,3.304,3.3107
2018-10-01,3.299,3.3115,3.2946,3.306
2018-09-28,3.2946,3.3035,3.2875,3.299
2018-09-27,3.301,3.3035,3.2895,3.2946
2018-09-26,3.302,3.3075,3.2981,3.301
2018-09-25,3.3,3.3075,3.2945,3.302
2018-09-24,3.2887,3.3015,3.2882,3.3
2018-09-21,3.295,3.298,3.2835,3.2887
2018-09-20,3.2982,3.3015,3.2895,3.295
2018-09-19,3.3022,3.3055,3.2952,3.2982
2018-09-18,3.3095,3.3095,3.2992,3.3022
2018-09-17,3.3065,3.3185,3.306,3.3095
2018-09-14,3.3093,3.3175,3.265,3.3065
2018-09-13,3.326,3.3335,3.3093,3.3093
2018-09-12,3.3325,3.3335,3.3225,3.328
2018-09-11,3.3286,3.3375,3.3286,3.3325
2018-09-10,3.3222,3.3325,3.3165,3.3286
2018-09-07,3.319,3.3275,3.3115,3.3222
2018-09-06,3.3129,3.3235,3.3129,3.319
2018-09-05,3.3137,3.3215,3.3095,3.3129
2018-09-04,3.3085,3.3185,3.3075,3.3137
2018-09-03,3.3,3.3065,3.2925,3.3005
2018-08-31,3.3008,3.3043,3.2925,3.3
2018-08-30,3.2882,3.3075,3.2882,3.3008
2018-08-29,3.2887,3.3015,3.2882,3.2882
2018-08-28,3.2872,3.2945,3.2795,3.2887
2018-08-27,3.2906,3.2935,3.2795,3.2872
2018-08-24,3.298,3.3019,3.2855,3.2906
2018-08-23,3.28,3.3043,3.28,3.298
2018-08-22,3.2894,3.2927,3.2787,3.28
2018-08-21,3.3045,3.3073,3.2872,3.2894
2018-08-20,3.307,3.3175,3.3042,3.3045
2018-08-17,3.308,3.3257,3.3035,3.307
2018-08-16,3.3165,3.3165,3.3007,3.308
2018-08-15,3.2947,3.3275,3.2947,3.317
2018-08-14,3.2832,3.299,3.2745,3.2947
2018-08-13,3.2786,3.2895,3.2742,3.2832
2018-08-10,3.2645,3.2815,3.2645,3.2786
2018-08-09,3.2642,3.2724,3.2642,3.2645
2018-08-08,3.2635,3.2695,3.2635,3.2642
2018-08-07,3.2655,3.2695,3.258,3.2635
2018-08-06,3.2635,3.2695,3.2623,3.2655
2018-08-03,3.2681,3.2725,3.2625,3.2635
2018-08-02,3.2653,3.2737,3.2653,3.2681
2018-08-01,3.2666,3.2746,3.2653,3.2653
2018-07-31,3.2652,3.2755,3.2652,3.2666
2018-07-30,3.2647,3.2735,3.2595,3.2652
2018-07-27,3.2677,3.2712,3.2595,3.2647
2018-07-26,3.2712,3.2755,3.2647,3.2677
2018-07-25,3.2715,3.2749,3.2647,3.268
2018-07-24,3.2754,3.2786,3.2675,3.2715
2018-07-23,3.2735,3.2815,3.2647,3.2754
2018-07-20,3.2715,3.275,3.2673,3.2735
2018-07-19,3.2685,3.2795,3.2671,3.2715
2018-07-18,3.2671,3.2765,3.2648,3.2685
2018-07-17,3.264,3.2715,3.263,3.2671
2018-07-16,3.2655,3.2705,3.2622,3.264
2018-07-13,3.267,3.2725,3.2647,3.2655
2018-07-12,3.2775,3.2775,3.267,3.267
2018-07-11,3.2686,3.2815,3.2686,3.2775
2018-07-10,3.2745,3.2771,3.266,3.2686
2018-07-09,3.284,3.284,3.2723,3.2745
2018-07-06,3.2845,3.2885,3.2771,3.2795
2018-07-05,3.2895,3.2925,3.2795,3.2845
2018-07-04,3.2795,3.2916,3.2795,3.2895
2018-07-03,3.2827,3.2885,3.2745,3.285
2018-07-02,3.2797,3.2915,3.2745,3.2827
2018-06-29,3.2712,3.283,3.2694,3.2797
2018-06-28,3.2705,3.2755,3.2662,3.2712
2018-06-27,3.2655,3.2725,3.2625,3.2705
2018-06-26,3.268,3.2725,3.2625,3.2655
2018-06-25,3.2647,3.2765,3.2647,3.268
2018-06-22,3.272,3.2725,3.2622,3.2647
2018-06-21,3.2737,3.2795,3.2695,3.272
2018-06-20,3.2785,3.2835,3.2695,3.2737
2018-06-19,3.2755,3.2855,3.2695,3.2785
2018-06-18,3.2765,3.2845,3.2695,3.2755
2018-06-15,3.2757,3.2865,3.2722,3.2765
2018-06-14,3.2677,3.281,3.2575,3.2757
2018-06-13,3.2662,3.2715,3.2575,3.2677
2018-06-12,3.2607,3.2725,3.2577,3.2662
2018-06-11,3.2577,3.2685,3.2577,3.2607
2018-06-08,3.2613,3.2645,3.2537,3.2577
2018-06-07,3.2595,3.2679,3.2495,3.2613
2018-06-06,3.2625,3.2675,3.2528,3.2595
2018-06-05,3.2632,3.2765,3.2575,3.2675
2018-06-04,3.2679,3.2747,3.2632,3.2632
2018-06-01,3.2705,3.2735,3.264,3.2679
2018-05-31,3.2675,3.2765,3.2662,3.2705
2018-05-30,3.2719,3.2755,3.2642,3.2675
2018-05-29,3.2745,3.2845,3.2645,3.2719
2018-05-28,3.2675,3.2755,3.2595,3.2745
2018-05-25,3.2612,3.2725,3.2595,3.2675
2018-05-24,3.2625,3.2667,3.2612,3.2612
2018-05-23,3.2662,3.2765,3.2603,3.263
2018-05-22,3.279,3.2835,3.2632,3.2662
2018-05-21,3.2856,3.2885,3.2745,3.279
2018-05-18,3.2696,3.291,3.2696,3.2856
2018-05-17,3.2584,3.2769,3.2584,3.2696
2018-05-16,3.2717,3.2747,3.2584,3.2584
2018-05-15,3.2565,3.2765,3.2512,3.2717
2018-05-14,3.2535,3.263,3.251,3.2565
2018-05-11,3.2656,3.2656,3.2495,3.2535
2018-05-10,3.2897,3.2935,3.2614,3.2656
2018-05-09,3.284,3.2945,3.284,3.2897
2018-05-08,3.274,3.2925,3.2685,3.284
2018-05-07,3.2657,3.2807,3.249,3.274
2018-05-04,3.2705,3.276,3.2633,3.2657
2018-05-03,3.2675,3.2785,3.2595,3.2705
2018-05-02,3.2487,3.2765,3.2487,3.2637
2018-05-01,3.2477,3.2584,3.2477,3.2487
2018-04-30,3.2314,3.262,3.2314,3.2477
2018-04-27,3.2315,3.2425,3.2314,3.2314
2018-04-26,3.2315,3.2385,3.229,3.2315
2018-04-25,3.229,3.2455,3.224,3.2315
2018-04-24,3.2298,3.2345,3.2245,3.229
2018-04-23,3.2154,3.2365,3.2154,3.2298
2018-04-20,3.2141,3.2259,3.2141,3.2154
2018-04-19,3.2123,3.221,3.2123,3.2141
2018-04-18,3.2148,3.218,3.2105,3.2123
2018-04-17,3.2205,3.223,3.2148,3.2148
2018-04-16,3.2176,3.2236,3.2175,3.2205
2018-04-13,3.2203,3.2258,3.2176,3.2176
2018-04-12,3.2283,3.2325,3.2203,3.2203
2018-04-11,3.2377,3.2415,3.2269,3.2283
2018-04-10,3.235,3.2415,3.2295,3.2377
2018-04-09,3.233,3.2415,3.233,3.235
2018-04-06,3.2218,3.2375,3.2218,3.233
2018-04-05,3.2198,3.2285,3.2195,3.2218
2018-04-04,3.2188,3.2305,3.2188,3.2198
2018-04-03,3.2223,3.2258,3.2188,3.2188
2018-04-02,3.2255,3.2295,3.2215,3.2223
2018-03-30,3.2193,3.226,3.2193,3.2255
2018-03-29,3.2238,3.228,3.2193,3.2193
2018-03-28,3.2255,3.265,3.2185,3.2238
2018-03-27,3.2155,3.2259,3.2113,3.2255
2018-03-26,3.2215,3.2215,3.2083,3.2155
2018-03-23,3.2345,3.2435,3.2173,3.2215
2018-03-22,3.249,3.2545,3.2295,3.2345
2018-03-21,3.2604,3.277,3.242,3.249
2018-03-20,3.2662,3.27,3.2555,3.2604
2018-03-19,3.2662,3.2755,3.2662,3.2662
2018-03-16,3.2605,3.2715,3.2575,3.2662
2018-03-15,3.249,3.2635,3.2445,3.2605
2018-03-14,3.2615,3.2635,3.249,3.249
2018-03-13,3.2535,3.2635,3.2503,3.2615
2018-03-12,3.2563,3.2615,3.2535,3.2535
2018-03-09,3.2555,3.2615,3.255,3.2563
2018-03-08,3.2518,3.2578,3.25,3.2555
2018-03-07,3.249,3.2565,3.2355,3.2518
2018-03-06,3.2465,3.2572,3.2405,3.249
2018-03-05,3.2535,3.2555,3.241,3.2465
2018-03-02,3.2578,3.2615,3.2503,3.2535
2018-03-01,3.2643,3.2713,3.254,3.2578
2018-02-28,3.2482,3.2683,3.203,3.2643
2018-02-27,3.2438,3.2528,3.2405,3.2482
2018-02-26,3.2458,3.2505,3.2438,3.2438
2018-02-23,3.2436,3.2515,3.2345,3.2458
2018-02-22,3.2503,3.2535,3.2395,3.2436
2018-02-21,3.247,3.2535,3.2425,3.2503
2018-02-20,3.2455,3.252,3.2455,3.247
2018-02-19,3.2495,3.2525,3.2455,3.2455
2018-02-16,3.244,3.25,3.2375,3.2495
2018-02-15,3.2595,3.2595,3.241,3.244
2018-02-14,3.2692,3.281,3.252,3.2595
2018-02-13,3.2655,3.2738,3.2632,3.2692
2018-02-12,3.271,3.2738,3.2563,3.2655
2018-02-09,3.263,3.281,3.2565,3.2699
2018-02-08,3.2458,3.2693,3.243,3.263
2018-02-07,3.2388,3.2525,3.2368,3.2458
2018-02-06,3.2333,3.2485,3.2333,3.2388
2018-02-05,3.2165,3.2333,3.2143,3.2333
2018-02-02,3.2068,3.2185,3.2068,3.2165
2018-02-01,3.2135,3.2145,3.2057,3.2068
2018-01-31,3.212,3.2165,3.2098,3.2135
2018-01-30,3.2107,3.2185,3.2095,3.212
2018-01-29,3.2115,3.2185,3.2101,3.2107
2018-01-26,3.2098,3.2155,3.2068,3.2115
2018-01-25,3.2085,3.2155,3.2023,3.2098
2018-01-24,3.2142,3.2185,3.2075,3.2085
2018-01-23,3.2083,3.2185,3.2081,3.2142
2018-01-22,3.2111,3.2155,3.2083,3.2083
2018-01-19,3.2118,3.2165,3.2058,3.2111
2018-01-18,3.2055,3.2135,3.2055,3.2118
2018-01-17,3.2058,3.2106,3.2055,3.2055
2018-01-16,3.2095,3.2115,3.2045,3.2058
2018-01-15,3.2125,3.2125,3.2075,3.2095
2018-01-12,3.2141,3.2171,3.2075,3.2125
2018-01-11,3.2171,3.2245,3.212,3.2141
2018-01-10,3.2166,3.2235,3.2135,3.2171
2018-01-09,3.2135,3.2215,3.2095,3.2166
2018-01-08,3.2085,3.2185,3.2085,3.2135
2018-01-05,3.208,3.2155,3.2013,3.2085
2018-01-04,3.2165,3.2175,3.1967,3.208
2018-01-03,3.2283,3.2325,3.2145,3.2165
2018-01-02,3.2365,3.2365,3.228,3.2283
2018-01-01,3.2365,3.2365,3.2365,3.2365
2017-12-29,3.2352,3.2425,3.2295,3.2365
2017-12-28,3.2395,3.2455,3.2318,3.2352
2017-12-27,3.236,3.2425,3.2313,3.2395
2017-12-26,3.2312,3.24,3.2312,3.236
2017-12-25,3.2312,3.2312,3.2312,3.2312
2017-12-22,3.2632,3.2632,3.2312,3.2312
2017-12-21,3.2629,3.2845,3.2495,3.2632
2017-12-20,3.2772,3.2875,3.2615,3.2629
2017-12-19,3.2767,3.2825,3.2495,3.2772
2017-12-18,3.2921,3.3005,3.2762,3.2762
2017-12-15,3.2383,3.299,3.2383,3.2921
2017-12-14,3.2288,3.2465,3.2288,3.2383
2017-12-13,3.2272,3.2325,3.2272,3.2288
2017-12-12,3.2335,3.2345,3.2272,3.2272
2017-12-11,3.2335,3.295,3.2335,3.2335
2017-12-08,3.2333,3.2345,3.233,3.2335
2017-12-07,3.2303,3.2365,3.2303,3.2333
2017-12-06,3.2328,3.2375,3.2303,3.2303
2017-12-05,3.228,3.2373,3.228,3.2328
2017-12-04,3.2303,3.235,3.228,3.228
2017-12-01,3.229,3.2336,3.2281,3.2303
2017-11-30,3.23,3.2335,3.2281,3.229
2017-11-29,3.229,3.2339,3.2281,3.23
2017-11-28,3.2318,3.2385,3.2287,3.2287
2017-11-27,3.2336,3.2421,3.2295,3.2318
2017-11-24,3.2365,3.2421,3.2333,3.2336
2017-11-23,3.238,3.2385,3.2323,3.2365
2017-11-22,3.2345,3.2425,3.2323,3.2323
2017-11-21,3.2338,3.236,3.2325,3.236
2017-11-20,3.2368,3.2455,3.2338,3.2338
2017-11-17,3.2415,3.2465,3.2368,3.2368
2017-11-16,3.2519,3.2551,3.2415,3.2415
2017-11-15,3.2388,3.2565,3.2388,3.2519
2017-11-14,3.2394,3.245,3.2368,3.2388
2017-11-13,3.2405,3.2435,3.2368,3.2394
2017-11-10,3.2404,3.2435,3.2382,3.2405
2017-11-09,3.2425,3.2495,3.2366,3.2404
2017-11-08,3.2384,3.2457,3.2345,3.2425
2017-11-07,3.235,3.2427,3.2345,3.2384
2017-11-06,3.2435,3.2601,3.2333,3.2337
2017-11-03,3.2333,3.2485,3.2333,3.2435
2017-11-02,3.2612,3.2673,3.2333,3.2333
2017-11-01,3.2485,3.2652,3.243,3.2612
2017-10-31,3.2448,3.2505,3.2395,3.2485
2017-10-30,3.2411,3.2515,3.2357,3.2448
2017-10-27,3.2369,3.2505,3.2296,3.2411
2017-10-26,3.2296,3.2406,3.2265,3.2369
2017-10-25,3.231,3.236,3.2242,3.2296
2017-10-24,3.235,3.2425,3.2302,3.231
2017-10-23,3.233,3.242,3.2324,3.235
2017-10-20,3.2293,3.2409,3.2293,3.233
2017-10-19,3.2347,3.2375,3.2293,3.2293
2017-10-18,3.24,3.2455,3.2343,3.2347
2017-10-17,3.2384,3.2475,3.2384,3.24
2017-10-16,3.2448,3.248,3.2384,3.2384
2017-10-13,3.2482,3.2505,3.2445,3.2448
2017-10-12,3.2555,3.2665,3.2465,3.2482
2017-10-11,3.2625,3.2635,3.2547,3.2555
2017-10-10,3.2705,3.2705,3.2575,3.2625
2017-10-09,3.2637,3.2725,3.2595,3.2705
2017-10-06,3.2572,3.2725,3.2572,3.2637
2017-10-05,3.2542,3.261,3.2505,3.2572
2017-10-04,3.2582,3.2615,3.2495,3.2542
2017-10-03,3.2708,3.2738,3.2582,3.2582
2017-10-02,3.2604,3.2715,3.2582,3.2708
2017-09-29,3.2648,3.2665,3.2555,3.2604
2017-09-28,3.2702,3.2715,3.2617,3.2648
2017-09-27,3.2695,3.2785,3.2615,3.2702
2017-09-26,3.2555,3.2745,3.2555,3.27
2017-09-25,3.2433,3.259,3.2415,3.2555
2017-09-22,3.2465,3.2485,3.2364,3.2433
2017-09-21,3.2435,3.2535,3.238,3.2465
2017-09-20,3.2413,3.2485,3.2373,3.2435
2017-09-19,3.2398,3.246,3.2395,3.2413
2017-09-18,3.249,3.2515,3.2398,3.2398
2017-09-15,3.2333,3.28,3.2305,3.249
2017-09-14,3.2343,3.2415,3.2281,3.2333
2017-09-13,3.2281,3.2405,3.2281,3.2343
2017-09-12,3.2295,3.2338,3.2273,3.2281
2017-09-11,3.2277,3.2375,3.2259,3.2295
2017-09-08,3.2293,3.2335,3.2261,3.2277
2017-09-07,3.2335,3.2345,3.2293,3.2293
2017-09-06,3.2325,3.2365,3.2313,3.2335
2017-09-05,3.2348,3.2375,3.2313,3.2325
2017-09-04,3.2375,3.2395,3.2335,3.2348
2017-09-01,3.2337,3.2375,3.2325,3.2375
2017-08-31,3.2294,3.2425,3.2294,3.2337
2017-08-30,3.2375,3.2415,3.2294,3.2294
2017-08-29,3.2365,3.2415,3.2333,3.2375
2017-08-28,3.2333,3.2395,3.2317,3.2365
2017-08-25,3.2395,3.2395,3.2332,3.2333
2017-08-24,3.2335,3.2395,3.2323,3.2395
2017-08-23,3.2322,3.2385,3.2322,3.2335
2017-08-22,3.2353,3.2385,3.2322,3.2322
2017-08-21,3.2383,3.2415,3.2343,3.2353
2017-08-18,3.2358,3.2435,3.2358,3.2383
2017-08-17,3.237,3.2425,3.2358,3.2358
2017-08-16,3.2435,3.2445,3.2368,3.237
2017-08-15,3.2376,3.2487,3.2376,3.2435
2017-08-14,3.242,3.2485,3.2368,3.2376
2017-08-11,3.249,3.2525,3.241,3.242
2017-08-10,3.2438,3.2505,3.2368,3.249
2017-08-09,3.2368,3.2485,3.2368,3.2438
2017-08-08,3.2369,3.2435,3.2368,3.2368
2017-08-07,3.2395,3.2445,3.2333,3.2369
2017-08-04,3.2333,3.2445,3.2333,3.2445
2017-08-03,3.2355,3.2395,3.2333,3.2333
2017-08-02,3.2385,3.2415,3.2315,3.2355
2017-08-01,3.2395,3.2395,3.2335,3.2385
2017-07-31,3.2341,3.2445,3.233,3.2395
2017-07-28,3.2403,3.2403,3.2341,3.2341
2017-07-27,3.2403,3.2444,3.236,3.2403
2017-07-26,3.2467,3.2507,3.24,3.2403
2017-07-25,3.2411,3.2533,3.2411,3.2467
2017-07-24,3.2485,3.249,3.2395,3.2411
2017-07-21,3.2368,3.2508,3.2367,3.2485
2017-07-20,3.2368,3.2425,3.2368,3.2368
2017-07-19,3.2376,3.2435,3.2368,3.2368
2017-07-18,3.2416,3.2555,3.2365,3.2376
2017-07-17,3.2446,3.2577,3.2416,3.2416
2017-07-14,3.2393,3.2505,3.237,3.2446
2017-07-13,3.2495,3.2518,3.2393,3.2393
2017-07-12,3.251,3.2557,3.2455,3.2495
2017-07-11,3.2499,3.2565,3.2435,3.251
2017-07-10,3.2482,3.2575,3.2475,3.2499
2017-07-07,3.2475,3.2535,3.2445,3.2482
2017-07-06,3.2535,3.2595,3.243,3.2475
2017-07-05,3.2565,3.2635,3.2462,3.2535
2017-07-04,3.2565,3.2575,3.2475,3.2565
2017-07-03,3.2462,3.2565,3.242,3.2557
2017-06-30,3.2394,3.2462,3.2394,3.2462
2017-06-29,3.2408,3.2413,3.2394,3.2394
2017-06-28,3.2488,3.2555,3.2405,3.2408
2017-06-27,3.2472,3.2575,3.2445,3.2488
2017-06-26,3.2512,3.2545,3.2472,3.2472
2017-06-23,3.2609,3.2609,3.2512,3.2512
2017-06-22,3.2695,3.2715,3.257,3.2609
2017-06-21,3.2675,3.2725,3.2645,3.2695
2017-06-20,3.2655,3.2785,3.2645,3.269
2017-06-19,3.2685,3.2725,3.2644,3.2655
2017-06-16,3.2752,3.2795,3.2677,3.2685
2017-06-15,3.2695,3.2815,3.2665,3.2752
2017-06-14,3.2735,3.2775,3.2645,3.27
2017-06-13,3.2752,3.2795,3.2705,3.2735
2017-06-12,3.2665,3.2815,3.2626,3.2752
2017-06-09,3.2675,3.2695,3.2595,3.2665
2017-06-08,3.2652,3.2755,3.2595,3.2652
2017-06-07,3.2655,3.2725,3.2575,3.2652
2017-06-06,3.2625,3.2665,3.2595,3.2655
2017-06-05,3.2671,3.2735,3.2625,3.2625
2017-06-02,3.2682,3.2745,3.2595,3.2671
2017-06-01,3.2652,3.2735,3.2635,3.2682
2017-05-31,3.2767,3.2815,3.2638,3.2652
2017-05-30,3.2825,3.2915,3.2725,3.2767
2017-05-29,3.272,3.2835,3.272,3.2825
2017-05-26,3.2635,3.2775,3.2585,3.272
2017-05-25,3.2618,3.2725,3.2565,3.2635
2017-05-24,3.2752,3.2805,3.2618,3.2618
2017-05-23,3.2702,3.2845,3.2702,3.2752
2017-05-22,3.2645,3.2775,3.2615,3.2702
2017-05-19,3.2744,3.2775,3.2545,3.2645
2017-05-18,3.2735,3.2875,3.2686,3.2744
2017-05-17,3.2546,3.2765,3.2546,3.273
2017-05-16,3.2665,3.2665,3.2535,3.255
2017-05-15,3.2695,3.2695,3.2555,3.2665
2017-05-12,3.285,3.285,3.2665,3.2695
2017-05-11,3.2925,3.2925,3.2785,3.285
2017-05-10,3.2854,3.293,3.2785,3.2925
2017-05-09,3.2818,3.2935,3.2745,3.2854
2017-05-08,3.2615,3.2955,3.2595,3.2818
2017-05-05,3.2815,3.2815,3.2595,3.2615
2017-05-04,3.2453,3.282,3.2445,3.2815
2017-05-03,3.2375,3.2525,3.2375,3.2453
2017-05-02,3.242,3.2495,3.2375,3.2375
2017-05-01,3.2431,3.2431,3.241,3.242
2017-04-28,3.2415,3.2455,3.22,3.2431
2017-04-27,3.2475,3.2495,3.2403,3.2415
2017-04-26,3.2445,3.2525,3.2435,3.2475
2017-04-25,3.2368,3.2472,3.2368,3.2445
2017-04-24,3.2405,3.2425,3.2275,3.2368
2017-04-21,3.2393,3.2435,3.2295,3.2405
2017-04-20,3.246,3.246,3.2393,3.2393
2017-04-19,3.2455,3.2525,3.2421,3.246
2017-04-18,3.246,3.254,3.2395,3.2463
2017-04-17,3.2475,3.2535,3.2455,3.246
2017-04-14,3.246,3.249,3.246,3.2475
2017-04-13,3.2502,3.2535,3.246,3.246
2017-04-12,3.25,3.2565,3.2475,3.2502
2017-04-11,3.2425,3.2542,3.2375,3.25
2017-04-10,3.2408,3.2825,3.2405,3.2825
2017-04-07,3.2455,3.2495,3.2395,3.2408
2017-04-06,3.2455,3.2505,3.2425,3.2455
2017-04-05,3.2455,3.2515,3.2442,3.2455
2017-04-04,3.2385,3.2545,3.2385,3.2455
2017-04-03,3.2443,3.2505,3.2385,3.2385
2017-03-31,3.2356,3.2535,3.2356,3.2443
2017-03-30,3.24,3.2479,3.2345,3.2356
2017-03-29,3.2339,3.2456,3.2334,3.24
2017-03-28,3.2371,3.2515,3.2339,3.2339
2017-03-27,3.2405,3.2515,3.2371,3.2371
2017-03-24,3.2403,3.246,3.2375,3.2405
2017-03-23,3.2408,3.2485,3.2376,3.2403
2017-03-22,3.2405,3.2595,3.2376,3.2408
2017-03-21,3.2395,3.252,3.2297,3.2405
2017-03-20,3.256,3.2562,3.2395,3.2395
2017-03-17,3.2515,3.2525,3.2371,3.2485
2017-03-16,3.2535,3.2635,3.2396,3.2474
2017-03-15,3.2775,3.2786,3.2495,3.2535
2017-03-14,3.2775,3.2885,3.2686,3.2775
2017-03-13,3.2825,3.2935,3.2775,3.2775
2017-03-10,3.2885,3.2925,3.2695,3.2825
2017-03-09,3.2935,3.3038,3.2845,3.2885
2017-03-08,3.278,3.2985,3.278,3.2785
2017-03-07,3.2892,3.3009,3.278,3.278
2017-03-06,3.278,3.2955,3.2695,3.2892
2017-03-03,3.2825,3.2935,3.263,3.278
2017-03-02,3.2575,3.2855,3.2565,3.2825
2017-03-01,3.263,3.2725,3.254,3.258
2017-02-28,3.2495,3.2655,3.2495,3.263
2017-02-27,3.2515,3.2555,3.2468,3.2495
2017-02-24,3.2381,3.2528,3.2381,3.2515
2017-02-23,3.2395,3.245,3.2333,3.2381
2017-02-22,3.2413,3.2455,3.2372,3.2395
2017-02-21,3.2455,3.2515,3.2413,3.2413
2017-02-20,3.2575,3.2625,3.2445,3.2455
2017-02-17,3.2465,3.2645,3.2445,3.2575
2017-02-16,3.2499,3.2499,3.2345,3.2465
2017-02-15,3.2532,3.2645,3.2378,3.2499
2017-02-14,3.252,3.2695,3.2499,3.2532
2017-02-13,3.2492,3.2675,3.245,3.252
2017-02-10,3.2655,3.2665,3.2445,3.2492
2017-02-09,3.2845,3.2845,3.26,3.2655
2017-02-08,3.2902,3.2995,3.2785,3.285
2017-02-07,3.2865,3.2995,3.2759,3.2902
2017-02-06,3.2575,3.291,3.2504,3.2865
2017-02-03,3.246,3.258,3.2289,3.2575
2017-02-02,3.2685,3.2695,3.2352,3.246
2017-02-01,3.2667,3.2745,3.2579,3.2685
2017-01-31,3.2829,3.2935,3.2667,3.2667
2017-01-30,3.2875,3.2915,3.2765,3.2829
2017-01-27,3.298,3.2991,3.2766,3.2875
2017-01-26,3.2883,3.3045,3.279,3.298
2017-01-25,3.2787,3.2935,3.2679,3.2883
2017-01-24,3.2892,3.2892,3.2695,3.2787
2017-01-23,3.2945,3.2975,3.2798,3.2892
2017-01-20,3.3135,3.3165,3.288,3.2945
2017-01-19,3.3335,3.3445,3.3102,3.3135
2017-01-18,3.3392,3.3535,3.3342,3.3342
2017-01-17,3.368,3.3685,3.335,3.3392
2017-01-16,3.3595,3.3705,3.3544,3.368
2017-01-13,3.3595,3.3715,3.3505,3.3595
2017-01-12,3.3795,3.3795,3.3543,3.3595
2017-01-11,3.3827,3.3945,3.3736,3.3795
2017-01-10,3.3801,3.3915,3.3745,3.3827
2017-01-09,3.3765,3.3835,3.3711,3.3801
2017-01-06,3.3601,3.3768,3.3505,3.3735
2017-01-05,3.3835,3.3841,3.3565,3.3601
2017-01-04,3.3933,3.3958,3.3765,3.3801
2017-01-03,3.3675,3.3935,3.3545,3.3933
2017-01-02,3.3545,3.3675,3.3505,3.3675
2016-12-30,3.356,3.3585,3.3459,3.3545
2016-12-29,3.3524,3.3614,3.3395,3.356
2016-12-28,3.3735,3.3799,3.3512,3.3524
2016-12-27,3.3845,3.3883,3.3705,3.3735
2016-12-26,3.3785,3.3885,3.3745,3.3845
2016-12-23,3.3895,3.3925,3.3752,3.3785
2016-12-22,3.3905,3.4062,3.3879,3.3895
2016-12-21,3.398,3.4031,3.3822,3.3905
2016-12-20,3.4141,3.4141,3.3945,3.398
2016-12-19,3.4005,3.4141,3.3925,3.4141
2016-12-16,3.4002,3.413,3.3916,3.4005
2016-12-15,3.3845,3.4107,3.3829,3.4002
2016-12-14,3.3935,3.3965,3.3805,3.3845
2016-12-13,3.3975,3.4015,3.3875,3.3935
2016-12-12,3.4175,3.418,3.3924,3.3975
2016-12-09,3.4015,3.4175,3.391,3.4175
2016-12-08,3.403,3.403,3.4015,3.4015
2016-12-07,3.4146,3.415,3.401,3.403
2016-12-06,3.418,3.42,3.409,3.4146
2016-12-05,3.4096,3.424,3.4096,3.4146
2016-12-02,3.4095,3.4168,3.4095,3.413
2016-12-01,3.4128,3.418,3.3125,3.4095
2016-11-30,3.4205,3.4205,3.412,3.4128
2016-11-29,3.4155,3.4205,3.415,3.4205
2016-11-28,3.41,3.418,3.41,3.4155
2016-11-25,3.428,3.428,3.41,3.41
2016-11-24,3.428,3.428,3.428,3.428
2016-11-23,3.41,3.428,3.41,3.428
2016-11-22,3.4,3.419,3.4,3.41
2016-11-21,3.399,3.418,3.399,3.4
2016-11-18,3.4005,3.414,3.399,3.399
2016-11-17,3.415,3.415,3.4005,3.4005
2016-11-16,3.419,3.419,3.401,3.415
2016-11-15,3.405,3.4325,3.405,3.419
2016-11-14,3.39,3.435,3.39,3.405
2016-11-11,3.3665,3.39,3.3665,3.39
2016-11-10,3.383,3.405,3.33,3.3665
2016-11-09,3.37,3.383,3.37,3.383
2016-11-08,3.3799,3.3799,3.355,3.37
2016-11-07,3.3782,3.3799,3.3665,3.3799
2016-11-04,3.3835,3.388,3.3765,3.3782
2016-11-03,3.3635,3.3835,3.3635,3.3835
2016-11-02,3.3625,3.385,3.3625,3.3635
2016-11-01,3.362,3.366,3.361,3.3625
2016-10-31,3.364,3.364,3.3595,3.362
2016-10-28,3.3577,3.364,3.3577,3.364
2016-10-27,3.35,3.3577,3.35,3.3577
2016-10-26,3.361,3.361,3.35,3.35
2016-10-25,3.3575,3.361,3.3575,3.361
2016-10-24,3.3762,3.3762,3.3575,3.3575
2016-10-21,3.3809,3.3809,3.359,3.3762
2016-10-20,3.3815,3.386,3.373,3.373
2016-10-19,3.3958,3.3958,3.3775,3.3775
2016-10-18,3.4,3.4,3.382,3.3958
2016-10-17,3.4015,3.4015,3.3945,3.4
2016-10-14,3.4005,3.4015,3.399,3.4015
2016-10-13,3.4029,3.408,3.4005,3.4005
2016-10-12,3.3925,3.403,3.3925,3.4029
2016-10-11,3.4018,3.403,3.3925,3.3925
2016-10-10,3.4078,3.4078,3.4018,3.4018
2016-10-07,3.4,3.4078,3.4,3.4078
2016-10-06,3.39,3.406,3.39,3.4
2016-10-05,3.384,3.404,3.384,3.39
2016-10-04,3.3815,3.401,3.3815,3.384
2016-10-03,3.3875,3.3875,3.3815,3.3815
2016-09-30,3.3626,3.4025,3.3626,3.3875
2016-09-29,3.3627,3.392,3.3626,3.3626
2016-09-28,3.3655,3.375,3.358,3.3627
2016-09-27,3.355,3.371,3.355,3.3655
2016-09-26,3.3354,3.359,3.3354,3.355
2016-09-23,3.366,3.366,3.33,3.3354
2016-09-22,3.3874,3.3874,3.3435,3.366
2016-09-21,3.3873,3.3874,3.3665,3.3874
2016-09-20,3.3896,3.3896,3.386,3.3873
2016-09-19,3.3835,3.3896,3.35,3.3896
2016-09-16,3.389,3.389,3.3835,3.3835
2016-09-15,3.3965,3.3965,3.3845,3.389
2016-09-14,3.3965,3.408,3.392,3.3965
2016-09-13,3.3985,3.414,3.396,3.408
2016-09-12,3.3538,3.402,3.3538,3.3985
2016-09-09,3.3538,3.394,3.3538,3.3538
2016-09-08,3.3618,3.372,3.3538,3.3538
2016-09-07,3.3969,3.3969,3.357,3.3618
2016-09-06,3.3369,3.3969,3.3369,3.3969
2016-09-05,3.3369,3.3985,3.3369,3.3369
2016-09-02,3.3827,3.393,3.3827,3.393
2016-09-01,3.3885,3.3885,3.3827,3.3827
2016-08-31,3.3735,3.3885,3.3735,3.3885
2016-08-30,3.3515,3.3735,3.3515,3.3735
2016-08-29,3.3382,3.3515,3.3382,3.3515
2016-08-26,3.3439,3.352,3.3382,3.3382
2016-08-25,3.3595,3.38,3.3439,3.3439
2016-08-24,3.3435,3.3595,3.3435,3.3595
2016-08-23,3.328,3.359,3.328,3.3435
2016-08-22,3.2925,3.348,3.2925,3.328
2016-08-19,3.301,3.321,3.2925,3.2925
2016-08-18,3.3065,3.3065,3.301,3.301
2016-08-17,3.3075,3.319,3.299,3.3065
2016-08-16,3.308,3.31,3.303,3.3075
2016-08-15,3.2924,3.3095,3.2924,3.308
2016-08-12,3.306,3.317,3.2924,3.2924
2016-08-11,3.307,3.311,3.304,3.306
2016-08-10,3.3204,3.3204,3.307,3.307
2016-08-09,3.3275,3.3275,3.3005,3.3204
2016-08-08,3.3225,3.331,3.311,3.3275
2016-08-05,3.34,3.34,3.3225,3.3225
2016-08-04,3.3494,3.3494,3.33,3.34
2016-08-03,3.3455,3.355,3.3369,3.3494
2016-08-02,3.3488,3.3488,3.3369,3.3369
2016-08-01,3.365,3.365,3.3374,3.3488
2016-07-29,3.3413,3.365,3.3413,3.365
2016-07-28,3.348,3.3485,3.3413,3.3413
2016-07-27,3.3655,3.3655,3.348,3.348
2016-07-26,3.3215,3.3655,3.3215,3.3655
2016-07-25,3.326,3.3685,3.3215,3.3215
2016-07-22,3.3194,3.326,3.317,3.326
2016-07-21,3.2984,3.326,3.2984,3.3194
2016-07-20,3.285,3.314,3.285,3.2984
2016-07-19,3.277,3.285,3.277,3.285
2016-07-18,3.279,3.279,3.277,3.277
2016-07-15,3.2755,3.279,3.2755,3.278
2016-07-14,3.28,3.28,3.2755,3.2755
2016-07-13,3.2784,3.28,3.277,3.28
2016-07-12,3.272,3.287,3.272,3.2784
2016-07-11,3.2705,3.2775,3.2705,3.272
2016-07-08,3.273,3.278,3.2705,3.2705
2016-07-07,3.2745,3.286,3.273,3.273
2016-07-06,3.285,3.285,3.2745,3.2745
2016-07-05,3.2834,3.29,3.2834,3.285
2016-07-04,3.2834,3.2834,3.2834,3.2834
2016-07-01,3.2874,3.2874,3.2834,3.2834
2016-06-30,3.297,3.297,3.285,3.2874
2016-06-29,3.3185,3.3185,3.277,3.297
2016-06-28,3.308,3.3185,3.291,3.3185
2016-06-27,3.278,3.322,3.278,3.308
2016-06-24,3.2848,3.309,3.2725,3.278
2016-06-23,3.285,3.285,3.2725,3.2848
2016-06-22,3.2863,3.2863,3.275,3.285
2016-06-21,3.3085,3.3085,3.28,3.2863
2016-06-20,3.3285,3.3285,3.2845,3.3085
2016-06-17,3.3085,3.3285,3.3085,3.3285
2016-06-16,3.3335,3.3335,3.3065,3.3085
2016-06-15,3.3279,3.3335,3.303,3.3335
2016-06-14,3.3285,3.337,3.3265,3.3279
2016-06-13,3.3085,3.33,3.3085,3.3285
2016-06-10,3.2922,3.317,3.2922,3.3085
2016-06-09,3.299,3.306,3.2922,3.2922
2016-06-08,3.3125,3.3125,3.275,3.299
2016-06-07,3.3234,3.3234,3.299,3.3125
2016-06-06,3.3234,3.3234,3.308,3.3234
2016-06-03,3.3572,3.37,3.337,3.337
2016-06-02,3.3719,3.378,3.3572,3.3572
2016-06-01,3.364,3.38,3.364,3.3719
2016-05-31,3.3406,3.372,3.3406,3.364
2016-05-30,3.3406,3.3406,3.3406,3.3406
2016-05-27,3.337,3.3475,3.337,3.3406
2016-05-26,3.3403,3.342,3.337,3.337
2016-05-25,3.3404,3.3404,3.3335,3.3403
2016-05-24,3.3288,3.342,3.3288,3.3404
2016-05-23,3.332,3.344,3.3288,3.3288
2016-05-20,3.3336,3.3336,3.33,3.332
2016-05-19,3.3075,3.338,3.3075,3.3336
2016-05-18,3.3288,3.3315,3.3075,3.3075
2016-05-17,3.325,3.3288,3.309,3.3288
2016-05-16,3.325,3.3337,3.325,3.325
2016-05-13,3.3168,3.335,3.3168,3.325
2016-05-12,3.325,3.332,3.3165,3.3168
2016-05-11,3.3225,3.329,3.3225,3.325
2016-05-10,3.3095,3.334,3.3095,3.3225
2016-05-09,3.3262,3.3262,3.3095,3.3095
2016-05-06,3.326,3.3262,3.3155,3.3262
2016-05-05,3.327,3.327,3.3085,3.326
2016-05-04,3.2965,3.3325,3.2965,3.327
2016-05-03,3.2625,3.329,3.2625,3.2965
2016-05-02,3.267,3.3025,3.2625,3.2625
2016-04-29,3.278,3.278,3.267,3.267
2016-04-28,3.273,3.2845,3.272,3.278
2016-04-27,3.2805,3.291,3.273,3.273
2016-04-26,3.2685,3.2875,3.2685,3.2805
2016-04-25,3.2553,3.3578,3.2553,3.2685
2016-04-22,3.2388,3.276,3.2388,3.2553
2016-04-21,3.2394,3.265,3.2388,3.2388
2016-04-20,3.2647,3.2647,3.2394,3.2394
2016-04-19,3.2645,3.2647,3.2425,3.2647
2016-04-18,3.2685,3.28,3.264,3.2645
2016-04-15,3.2645,3.284,3.2645,3.2685
2016-04-14,3.2645,3.272,3.2539,3.2645
2016-04-13,3.2827,3.2827,3.2539,3.2539
2016-04-12,3.366,3.366,3.2565,3.2827
2016-04-11,3.3872,3.3872,3.28,3.366
2016-04-08,3.384,3.3895,3.36,3.3872
2016-04-07,3.3655,3.405,3.3655,3.384
2016-04-06,3.3442,3.391,3.3442,3.3655
2016-04-05,3.3379,3.367,3.3379,3.3442
2016-04-04,3.316,3.354,3.316,3.3379
2016-04-01,3.3695,3.3695,3.316,3.316
2016-03-31,3.3518,3.3695,3.314,3.3695
2016-03-30,3.3578,3.3625,3.3518,3.3518
2016-03-29,3.3665,3.377,3.3578,3.3578
2016-03-28,3.373,3.375,3.351,3.3665
2016-03-25,3.37,3.3765,3.3576,3.37
2016-03-24,3.4032,3.4032,3.37,3.37
2016-03-23,3.3977,3.419,3.3755,3.4032
2016-03-22,3.3785,3.423,3.3785,3.3977
2016-03-21,3.3673,3.4,3.3673,3.3785
2016-03-18,3.378,3.382,3.3645,3.3673
2016-03-17,3.3485,3.379,3.3485,3.378
2016-03-16,3.3275,3.377,3.3275,3.3485
2016-03-15,3.3535,3.3535,3.3275,3.3275
2016-03-14,3.413,3.413,3.339,3.3535
2016-03-11,3.436,3.436,3.41,3.413
2016-03-10,3.45,3.45,3.42,3.436
2016-03-09,3.45,3.4613,3.445,3.45
2016-03-08,3.45,3.463,3.45,3.45
2016-03-07,3.4585,3.4601,3.45,3.45
2016-03-04,3.4835,3.4835,3.439,3.4585
2016-03-03,3.516,3.516,3.4125,3.4835
2016-03-02,3.5154,3.516,3.49,3.516
2016-03-01,3.523,3.523,3.512,3.5154
2016-02-29,3.523,3.523,3.515,3.523
2016-02-26,3.526,3.526,3.52,3.523
2016-02-25,3.528,3.528,3.525,3.526
2016-02-24,3.513,3.5295,3.513,3.528
2016-02-23,3.512,3.53,3.512,3.513
2016-02-22,3.49,3.519,3.49,3.512
2016-02-19,3.501,3.515,3.47,3.49
2016-02-18,3.5065,3.5065,3.501,3.501
2016-02-17,3.499,3.5065,3.499,3.5065
2016-02-16,3.504,3.511,3.499,3.499
2016-02-15,3.507,3.507,3.504,3.504
2016-02-12,3.512,3.512,3.5025,3.507
2016-02-11,3.504,3.515,3.504,3.512
2016-02-10,3.49,3.506,3.49,3.504
2016-02-09,3.482,3.502,3.482,3.49
2016-02-08,3.476,3.493,3.476,3.482
2016-02-05,3.48,3.481,3.4755,3.476
2016-02-04,3.49,3.49,3.476,3.48
2016-02-03,3.4817,3.4935,3.4817,3.49
2016-02-02,3.4735,3.493,3.4735,3.4817
2016-02-01,3.467,3.4855,3.447,3.4735
2016-01-29,3.4645,3.473,3.4645,3.467
2016-01-28,3.459,3.4655,3.459,3.4635
2016-01-27,3.466,3.466,3.459,3.459
2016-01-26,3.449,3.4685,3.449,3.466
2016-01-25,3.447,3.465,3.447,3.449
2016-01-22,3.44,3.447,3.44,3.447
2016-01-21,3.44,3.4469,3.44,3.44
2016-01-20,3.429,3.445,3.429,3.44
2016-01-19,3.424,3.433,3.424,3.429
2016-01-18,3.432,3.432,3.424,3.424
2016-01-15,3.427,3.432,3.427,3.432
2016-01-14,3.4188,3.427,3.4188,3.427
2016-01-13,3.419,3.419,3.4188,3.4188
2016-01-12,3.4245,3.4245,3.419,3.419
2016-01-11,3.422,3.4245,3.422,3.4245
2016-01-08,3.415,3.422,3.415,3.422
2016-01-07,3.401,3.422,3.401,3.415
2016-01-06,3.416,3.417,3.402,3.417
2016-01-05,3.4095,3.417,3.405,3.416
2016-01-04,3.4,3.435,3.4,3.4095
2016-01-01,3.4,3.4,3.4,3.4
2015-12-31,3.4,3.4125,3.4,3.4
2015-12-30,3.404,3.409,3.395,3.4
2015-12-29,3.397,3.408,3.397,3.404
2015-12-28,3.39,3.397,3.39,3.397
2015-12-25,3.39,3.39,3.39,3.39
2015-12-24,3.3938,3.395,3.385,3.385
2015-12-23,3.3712,3.3945,3.3712,3.3938
2015-12-22,3.3633,3.389,3.3633,3.3825
2015-12-21,3.3628,3.383,3.3628,3.3775
2015-12-18,3.37,3.378,3.3628,3.3628
2015-12-17,3.3615,3.377,3.272,3.363
2015-12-16,3.3728,3.3728,3.3615,3.3615
2015-12-15,3.3585,3.375,3.3585,3.3728
2015-12-14,3.366,3.382,3.3585,3.3585
2015-12-11,3.373,3.379,3.366,3.366
2015-12-10,3.363,3.375,3.363,3.373
2015-12-09,3.363,3.371,3.363,3.363
2015-12-08,3.371,3.371,3.363,3.363
2015-12-07,3.354,3.375,3.354,3.371
2015-12-04,3.3615,3.37,3.354,3.354
2015-12-03,3.37,3.37,3.361,3.3615
2015-12-02,3.3604,3.372,3.3525,3.37
2015-12-01,3.3588,3.376,3.3588,3.3604
2015-11-30,3.3585,3.377,3.3585,3.3588
2015-11-27,3.3645,3.375,3.3645,3.3645
2015-11-26,3.3645,3.3645,3.3645,3.3645
2015-11-25,3.3755,3.3755,3.3645,3.3645
2015-11-24,3.356,3.3755,3.356,3.3755
2015-11-23,3.3445,3.356,3.3445,3.356
2015-11-20,3.343,3.3445,3.343,3.3445
2015-11-19,3.3568,3.3568,3.343,3.343
2015-11-18,3.3272,3.3568,3.3272,3.3568
2015-11-17,3.3272,3.346,3.3272,3.3375
2015-11-16,3.319,3.345,3.319,3.3272
2015-11-13,3.3165,3.337,3.3165,3.319
2015-11-12,3.313,3.324,3.313,3.3165
2015-11-11,3.309,3.313,3.309,3.313
2015-11-10,3.3025,3.309,3.3025,3.309
2015-11-09,3.3155,3.3155,3.3025,3.3025
2015-11-06,3.293,3.316,3.2925,3.3155
2015-11-05,3.288,3.3,3.288,3.293
2015-11-04,3.2805,3.288,3.2805,3.288
2015-11-03,3.27,3.289,3.27,3.2805
2015-11-02,3.2754,3.287,3.27,3.27
2015-10-30,3.275,3.286,3.275,3.2754
2015-10-29,3.2685,3.287,3.2685,3.275
2015-10-28,3.2612,3.2765,3.2612,3.2685
2015-10-27,3.2615,3.28,3.2612,3.2612
2015-10-26,3.2455,3.272,3.2455,3.2615
2015-10-23,3.2425,3.2625,3.2425,3.2455
2015-10-22,3.244,3.2555,3.2425,3.2425
2015-10-21,3.227,3.259,3.227,3.244
2015-10-20,3.251,3.256,3.227,3.227
2015-10-19,3.2215,3.251,3.2215,3.251
2015-10-16,3.2215,3.241,3.2215,3.2215
2015-10-15,3.232,3.234,3.2215,3.2215
2015-10-14,3.2188,3.2421,3.2188,3.232
2015-10-13,3.202,3.233,3.202,3.2188
2015-10-12,3.215,3.215,3.202,3.202
2015-10-09,3.215,3.215,3.207,3.207
2015-10-08,3.2098,3.217,3.2098,3.215
2015-10-07,3.2085,3.222,3.2085,3.2098
2015-10-06,3.2135,3.216,3.2085,3.2085
2015-10-05,3.2245,3.2245,3.2135,3.2135
2015-10-02,3.223,3.2265,3.223,3.2245
2015-10-01,3.225,3.233,3.223,3.223
2015-09-30,3.2265,3.229,3.217,3.225
2015-09-29,3.2128,3.239,3.2128,3.2265
2015-09-28,3.1975,3.235,3.1975,3.2128
2015-09-25,3.2125,3.223,3.1975,3.1975
2015-09-24,3.21,3.216,3.204,3.2125
2015-09-23,3.1905,3.218,3.1905,3.21
2015-09-22,3.191,3.215,3.1905,3.1905
2015-09-21,3.181,3.195,3.181,3.191
2015-09-18,3.1914,3.193,3.181,3.181
2015-09-17,3.2075,3.2075,3.1914,3.1914
2015-09-16,3.2,3.2075,3.197,3.2075
2015-09-15,3.21,3.2145,3.2,3.2
2015-09-14,3.2075,3.2145,3.199,3.2145
2015-09-11,3.2105,3.2145,3.2075,3.2075
2015-09-10,3.2132,3.219,3.2105,3.2105
2015-09-09,3.2065,3.215,3.2065,3.2132
2015-09-08,3.1915,3.227,3.1915,3.2065
2015-09-07,3.1915,3.22,3.1915,3.22
2015-09-04,3.2445,3.2445,3.1915,3.1915
2015-09-03,3.2435,3.2445,3.2435,3.2445
2015-09-02,3.236,3.2435,3.236,3.2435
2015-09-01,3.2122,3.236,3.2122,3.236
2015-08-31,3.2122,3.2122,3.2122,3.2122
2015-08-28,3.299,3.299,3.299,3.299
2015-08-27,3.2795,3.299,3.2795,3.299
2015-08-26,3.275,3.2795,3.275,3.2795
2015-08-25,3.282,3.282,3.275,3.275
2015-08-24,3.2595,3.282,3.2595,3.282
2015-08-21,3.2515,3.2595,3.2515,3.2595
2015-08-20,3.2442,3.2515,3.2442,3.2515
2015-08-19,3.2345,3.2442,3.2345,3.2442
2015-08-18,3.232,3.2345,3.232,3.2345
2015-08-17,3.229,3.232,3.229,3.232
2015-08-14,3.214,3.24,3.214,3.229
2015-08-13,3.204,3.2325,3.204,3.214
2015-08-12,3.192,3.227,3.192,3.204
2015-08-11,3.2,3.218,3.192,3.212
2015-08-10,3.193,3.203,3.193,3.1945
2015-08-07,3.2045,3.2045,3.193,3.193
2015-08-06,3.1935,3.2045,3.1935,3.2045
2015-08-05,3.1935,3.204,3.1935,3.1935
2015-08-04,3.1818,3.194,3.1818,3.1935
2015-08-03,3.1888,3.19,3.1818,3.1818
2015-07-31,3.1735,3.1888,3.1735,3.1888
2015-07-30,3.175,3.193,3.1735,3.1735
2015-07-29,3.187,3.187,3.1749,3.1749
2015-07-28,3.1725,3.187,3.1725,3.187
2015-07-27,3.18,3.18,3.1725,3.1725
2015-07-24,3.189,3.189,3.18,3.18
2015-07-23,3.185,3.19,3.184,3.189
2015-07-22,3.169,3.185,3.169,3.185
2015-07-21,3.1775,3.18,3.169,3.169
2015-07-20,3.1663,3.184,3.1663,3.1775
2015-07-17,3.179,3.181,3.1663,3.1663
2015-07-16,3.1705,3.1795,3.1705,3.179
2015-07-15,3.1682,3.181,3.1682,3.1705
2015-07-14,3.1615,3.1775,3.1615,3.1682
2015-07-13,3.1555,3.176,3.1555,3.1615
2015-07-10,3.176,3.177,3.1555,3.1555
2015-07-09,3.1798,3.1798,3.161,3.176
2015-07-08,3.179,3.186,3.179,3.1798
2015-07-07,3.169,3.179,3.169,3.179
2015-07-06,3.1705,3.176,3.167,3.169
2015-07-03,3.1715,3.1715,3.1695,3.1705
2015-07-02,3.1705,3.182,3.169,3.1715
2015-07-01,3.1695,3.178,3.1695,3.1705
2015-06-30,3.1618,3.175,3.1618,3.1695
2015-06-29,3.167,3.175,3.1618,3.1618
2015-06-26,3.1665,3.173,3.158,3.167
2015-06-25,3.1648,3.169,3.1648,3.1665
2015-06-24,3.1712,3.18,3.1648,3.1648
2015-06-23,3.165,3.1795,3.165,3.1712
2015-06-22,3.1515,3.172,3.1515,3.165
2015-06-19,3.151,3.167,3.151,3.1515
2015-06-18,3.151,3.1585,3.151,3.151
2015-06-17,3.158,3.1645,3.151,3.151
2015-06-16,3.1392,3.1605,3.1392,3.158
2015-06-15,3.154,3.16,3.139,3.1392
2015-06-12,3.1394,3.1545,3.1394,3.154
2015-06-11,3.1445,3.1545,3.1394,3.1394
2015-06-10,3.1375,3.154,3.1375,3.1445
2015-06-09,3.1515,3.1545,3.1375,3.1375
2015-06-08,3.152,3.1545,3.1423,3.1515
2015-06-05,3.1475,3.152,3.1278,3.152
2015-06-04,3.1475,3.17,3.135,3.1475
2015-06-03,3.132,3.15,3.132,3.1475
2015-06-02,3.1435,3.148,3.13,3.132
2015-06-01,3.1422,3.145,3.1422,3.1435
2015-05-29,3.1345,3.155,3.1345,3.1422
2015-05-28,3.1425,3.1565,3.1345,3.1345
2015-05-27,3.1485,3.1525,3.1425,3.1425
2015-05-26,3.147,3.1485,3.143,3.1485
2015-05-25,3.147,3.147,3.147,3.147
2015-05-22,3.137,3.17,3.1045,3.147
2015-05-21,3.1452,3.148,3.125,3.137
2015-05-20,3.1288,3.1452,3.1288,3.1452
2015-05-19,3.121,3.143,3.121,3.1288
2015-05-18,3.1165,3.149,3.1165,3.121
2015-05-15,3.1395,3.1395,3.1385,3.1385
2015-05-14,3.1515,3.1515,3.1395,3.1395
2015-05-13,3.1445,3.1515,3.1435,3.1515
2015-05-12,3.144,3.15,3.144,3.1445
2015-05-11,3.1408,3.152,3.1408,3.144
2015-05-08,3.1495,3.1495,3.1408,3.1408
2015-05-07,3.1388,3.153,3.1388,3.1495
2015-05-06,3.1475,3.1475,3.1388,3.1388
2015-05-05,3.1187,3.1475,3.1187,3.1475
2015-05-04,3.1205,3.14,3.1187,3.1187
2015-05-01,3.123,3.1275,3.1205,3.1205
2015-04-30,3.1168,3.124,3.1168,3.123
2015-04-29,3.12,3.12,3.1168,3.1168
2015-04-28,3.1215,3.125,3.12,3.12
2015-04-27,3.1165,3.134,3.1165,3.1215
2015-04-24,3.1165,3.1345,3.1165,3.1165
2015-04-23,3.11,3.16,3.11,3.1165
2015-04-22,3.1065,3.132,3.1065,3.11
2015-04-21,3.1,3.1065,3.1,3.1065
2015-04-20,3.1095,3.1095,3.1,3.1
2015-04-17,3.1124,3.124,3.1095,3.1095
2015-04-16,3.099,3.125,3.099,3.1124
2015-04-15,3.1065,3.1225,3.099,3.099
2015-04-14,3.108,3.121,3.1065,3.1065
2015-04-13,3.115,3.127,3.108,3.108
2015-04-10,3.094,3.127,3.0895,3.115
2015-04-09,3.0895,3.1025,3.0895,3.094
2015-04-08,3.08,3.098,3.08,3.0895
2015-04-07,3.0885,3.098,3.08,3.08
2015-04-06,3.0875,3.089,3.0765,3.0885
2015-04-03,3.095,3.095,3.085,3.085
2015-04-02,3.083,3.095,3.0805,3.095
2015-04-01,3.083,3.093,3.083,3.083
2015-03-31,3.0805,3.099,3.0805,3.083
2015-03-30,3.0833,3.0945,3.0805,3.0805
2015-03-27,3.0578,3.092,3.0578,3.0833
2015-03-26,3.058,3.08,3.0578,3.0578
2015-03-25,3.067,3.068,3.058,3.058
2015-03-24,3.0729,3.076,3.067,3.067
2015-03-23,3.086,3.086,3.0729,3.0729
2015-03-20,3.09,3.095,3.08,3.086
2015-03-19,3.0825,3.094,3.08,3.09
2015-03-18,3.097,3.099,3.0825,3.0825
2015-03-17,3.0864,3.098,3.0864,3.097
2015-03-16,3.0885,3.095,3.0864,3.0864
2015-03-13,3.0865,3.1,3.0865,3.0885
2015-03-12,3.097,3.097,3.06,3.0865
2015-03-11,3.0985,3.0985,3.0935,3.097
2015-03-10,3.0868,3.0985,3.0868,3.0985
2015-03-09,3.097,3.097,3.068,3.0868
2015-03-06,3.093,3.1,3.093,3.097
2015-03-05,3.095,3.0995,3.093,3.093
2015-03-04,3.093,3.095,3.092,3.095
2015-03-03,3.0945,3.0945,3.0905,3.093
2015-03-02,3.0915,3.096,3.0915,3.0945
2015-02-27,3.0915,3.094,3.0915,3.0915
2015-02-26,3.085,3.0915,3.085,3.0915
2015-02-25,3.092,3.0975,3.085,3.085
2015-02-24,3.091,3.093,3.091,3.092
2015-02-23,3.084,3.091,3.084,3.091
2015-02-20,3.085,3.088,3.084,3.084
2015-02-19,3.082,3.0855,3.082,3.085
2015-02-18,3.0808,3.0845,3.0808,3.082
2015-02-17,3.078,3.0808,3.077,3.0808
2015-02-16,3.056,3.078,3.056,3.078
2015-02-13,3.075,3.075,3.056,3.056
2015-02-12,3.08,3.082,3.067,3.075
2015-02-11,3.071,3.08,3.071,3.08
2015-02-10,3.068,3.0835,3.068,3.071
2015-02-09,3.061,3.068,3.061,3.068
2015-02-06,3.057,3.0705,3.057,3.061
2015-02-05,3.0545,3.061,3.0545,3.057
2015-02-04,3.059,3.062,3.051,3.0545
2015-02-03,3.062,3.0625,3.053,3.059
2015-02-02,3.058,3.062,3.051,3.062
2015-01-30,3.044,3.061,3.044,3.058
2015-01-29,3.031,3.044,3.029,3.044
2015-01-28,3.052,3.052,3.021,3.031
2015-01-27,3.015,3.052,3.015,3.052
2015-01-26,3.015,3.015,2.992,3.015
2015-01-23,3.005,3.0155,3.004,3.015
2015-01-22,3.009,3.009,2.995,3.005
2015-01-21,3.01,3.01,3.004,3.009
2015-01-20,3.014,3.014,3.01,3.01
2015-01-19,3.005,3.014,3.005,3.014
2015-01-16,2.997,3.015,2.997,3.005
2015-01-15,2.993,2.998,2.991,2.997
2015-01-14,2.985,2.993,2.976,2.993
2015-01-13,2.9915,2.9915,2.9805,2.985
2015-01-12,2.984,2.9915,2.984,2.9915
2015-01-09,2.992,2.992,2.984,2.984
2015-01-08,2.987,2.992,2.987,2.992
2015-01-07,2.983,2.987,2.983,2.987
2015-01-06,2.982,2.989,2.976,2.983
2015-01-05,2.967,2.991,2.9629,2.982
2015-01-02,2.9855,2.9855,2.967,2.967
2015-01-01,2.9855,2.9855,2.9855,2.9855
2014-12-31,2.9855,2.9855,2.975,2.9855
2014-12-30,2.98,2.993,2.976,2.9855
2014-12-26,2.9795,2.9795,2.974,2.9795
2014-12-25,2.9795,2.9795,2.9795,2.9795
2014-12-24,2.96,2.9795,2.96,2.9795
2014-12-23,2.9685,2.976,2.96,2.96
2014-12-22,2.935,2.969,2.935,2.9685
2014-12-19,2.944,2.957,2.935,2.935
2014-12-18,2.967,2.967,2.938,2.944
2014-12-17,2.97,2.97,2.952,2.967
2014-12-16,2.9625,2.97,2.9625,2.97
2014-12-15,2.963,2.963,2.96,2.9625
2014-12-12,2.969,2.969,2.963,2.963
2014-12-11,2.956,2.969,2.956,2.969
2014-12-10,2.964,2.964,2.956,2.956
2014-12-09,2.9555,2.964,2.9555,2.964
2014-12-08,2.951,2.96,2.951,2.9555
2014-12-05,2.9412,2.951,2.9412,2.951
2014-12-04,2.9412,2.948,2.9412,2.9412
2014-12-03,2.939,2.9412,2.939,2.9412
2014-12-02,2.9225,2.939,2.9225,2.939
2014-12-01,2.918,2.925,2.918,2.9225
2014-11-28,2.914,2.92,2.914,2.918
2014-11-27,2.914,2.914,2.914,2.914
2014-11-26,2.917,2.917,2.91,2.914
2014-11-25,2.911,2.917,2.911,2.917
2014-11-24,2.911,2.911,2.911,2.911
2014-11-21,2.925,2.925,2.916,2.921
2014-11-20,2.929,2.929,2.923,2.925
2014-11-19,2.928,2.929,2.928,2.929
2014-11-18,2.931,2.931,2.928,2.928
2014-11-17,2.935,2.935,2.93,2.931
2014-11-14,2.9345,2.935,2.9345,2.935
2014-11-13,2.935,2.935,2.9345,2.9345
2014-11-12,2.928,2.935,2.928,2.935
2014-11-11,2.928,2.928,2.928,2.928
2014-11-10,2.927,2.929,2.927,2.927
2014-11-07,2.9285,2.9285,2.927,2.927
